level,band,p50,p80,p90,p95,p80_unweighted,n
Вся линия,все часы,0.04692,0.10299,0.14773,0.20052,0.12724,82027
Вся линия,утро 07–09,0.03505,0.07481,0.10187,0.12721,0.09212,13317
Вся линия,день 10–15,0.05845,0.11937,0.1646,0.21158,0.12645,26749
Вся линия,вечер 16–19,0.04151,0.09224,0.13065,0.17463,0.1093,17848
Вся линия,поздно 20–00,0.0733,0.16155,0.24088,0.3419,0.18971,19651
Прочие,все часы,0.04822,0.10569,0.15105,0.20446,0.13162,21645
Прочие,утро 07–09,0.04095,0.08271,0.11272,0.13884,0.09523,3474
Прочие,день 10–15,0.06676,0.13863,0.19562,0.2549,0.14286,6978
Прочие,вечер 16–19,0.03902,0.08423,0.11854,0.15537,0.10624,4656
Прочие,поздно 20–00,0.06566,0.13722,0.19972,0.27693,0.17857,5373
Спальные конечные,все часы,0.0417,0.09038,0.1255,0.16357,0.11696,31516
Спальные конечные,утро 07–09,0.03066,0.06777,0.09116,0.113,0.08094,5211
Спальные конечные,день 10–15,0.05378,0.10862,0.14743,0.19101,0.11684,10467
Спальные конечные,вечер 16–19,0.04777,0.10125,0.13839,0.17809,0.11188,6984
Спальные конечные,поздно 20–00,0.06667,0.13862,0.19774,0.26154,0.17347,7108
Центр и вокзалы,все часы,0.05247,0.11518,0.16967,0.23399,0.13629,28866
Центр и вокзалы,утро 07–09,0.04481,0.09144,0.1259,0.16432,0.10225,4632
Центр и вокзалы,день 10–15,0.06035,0.12158,0.16651,0.21054,0.12513,9304
Центр и вокзалы,вечер 16–19,0.04003,0.09173,0.13429,0.18366,0.10832,6208
Центр и вокзалы,поздно 20–00,0.07797,0.1774,0.27087,0.38937,0.21786,7170
