station,hour,h,fact,norm,baseline_q10,baseline_q50,baseline_q90,model_q10,model_q50,model_q90,reasons
Девяткино,8,1,3969.0,13942.0,13695.0,14623.0,15468.0,13469.0,14322.0,14705.0,поправка на величину нормы (13 942 входов в 08 ч) (-4 %); вся линия на 4 % ниже нормы (-1 %); неделю назад в 08 ч вошло 14 296 (+1 %)
Девяткино,8,2,3969.0,13942.0,14124.0,15241.0,16066.0,13362.0,14344.0,14705.0,поправка на величину нормы (13 942 входов в 08 ч) (-4 %); последнюю неделю поток на 5 % выше нормы (-1 %); неделю назад в 08 ч вошло 14 296 (+1 %)
Девяткино,9,1,8445.0,8295.0,2668.0,2849.0,3013.0,7096.0,7545.0,7747.0,в последний час поток на 75 % ниже нормы (-6 %); вся линия на 25 % ниже нормы (-4 %); поправка на величину нормы (8 295 входов в 09 ч) (-3 %)
Девяткино,9,2,8445.0,8295.0,8079.0,8718.0,9190.0,8031.0,8621.0,8838.0,поправка на величину нормы (8 295 входов в 09 ч) (-4 %); вся линия на 4 % ниже нормы (-1 %); неделю назад в 09 ч вошло 8 579 (+1 %)
Девяткино,10,1,6594.0,5079.0,4710.0,5067.0,5474.0,4848.0,5182.0,5549.0,поправка на величину нормы (5 079 входов в 10 ч) (-2 %); соседние станции на 14 % ниже нормы (-2 %); в последний час поток на 5 % ниже нормы (-2 %)
Девяткино,10,2,6594.0,5079.0,1585.0,1718.0,1887.0,4369.0,4702.0,5057.0,в последний час поток на 76 % ниже нормы (-6 %); вся линия на 25 % ниже нормы (-4 %); поправка на величину нормы (5 079 входов в 10 ч) (-2 %)
Площадь Ленина,8,1,2149.0,3156.0,2993.0,3399.0,3826.0,2837.0,3118.0,3303.0,поправка на величину нормы (3 156 входов в 08 ч) (-2 %); вся линия на 4 % ниже нормы (-2 %); соседние станции на 14 % ниже нормы (-1 %)
Площадь Ленина,8,2,2149.0,3156.0,2665.0,3021.0,3391.0,2801.0,3106.0,3298.0,поправка на величину нормы (3 156 входов в 08 ч) (-2 %); в последний час поток на 6 % ниже нормы (-1 %); вчера в 08 ч поток был на 7 % выше нормы (+1 %)
Площадь Ленина,9,1,2750.0,2299.0,1413.0,1605.0,1807.0,1824.0,2005.0,2124.0,в последний час поток на 31 % ниже нормы (-5 %); вся линия на 25 % ниже нормы (-4 %); соседние станции на 22 % ниже нормы (-2 %)
Площадь Ленина,9,2,2750.0,2299.0,2186.0,2479.0,2782.0,2058.0,2282.0,2423.0,вся линия на 4 % ниже нормы (-2 %); соседние станции на 14 % ниже нормы (-1 %); в последний час поток на 6 % выше нормы (+1 %)
Площадь Ленина,10,1,2643.0,2176.0,2326.0,2603.0,2898.0,2100.0,2301.0,2464.0,в последний час поток на 17 % выше нормы (+2 %); вчера в 10 ч поток был на 20 % выше нормы (+2 %); соседние станции на 9 % ниже нормы (-1 %)
Площадь Ленина,10,2,2643.0,2176.0,1333.0,1508.0,1699.0,1765.0,1948.0,2084.0,в последний час поток на 31 % ниже нормы (-5 %); вся линия на 25 % ниже нормы (-4 %); вчера в 10 ч поток был на 20 % выше нормы (+2 %)
Чернышевская,8,1,494.0,776.0,681.0,773.0,870.0,726.0,798.0,845.0,вся линия на 4 % ниже нормы (-2 %); в последний час поток на 8 % ниже нормы (-2 %); соседние станции на 11 % ниже нормы (-1 %)
Чернышевская,8,2,494.0,776.0,680.0,771.0,865.0,735.0,815.0,865.0,последнюю неделю поток на 8 % выше нормы (-1 %); в последний час поток на 8 % ниже нормы (-1 %); вся линия на уровне нормы (-0 %)
Чернышевская,9,1,694.0,846.0,474.0,538.0,606.0,690.0,758.0,803.0,в последний час поток на 41 % ниже нормы (-6 %); вся линия на 25 % ниже нормы (-5 %); соседние станции на 18 % ниже нормы (-2 %)
Чернышевская,9,2,694.0,846.0,743.0,842.0,946.0,777.0,862.0,915.0,вся линия на 4 % ниже нормы (-2 %); в последний час поток на 8 % ниже нормы (-2 %); вчера в 09 ч поток был на 6 % ниже нормы (-1 %)
Чернышевская,10,1,871.0,1000.0,733.0,820.0,914.0,935.0,1024.0,1097.0,в последний час поток на 24 % ниже нормы (-3 %); соседние станции на 12 % выше нормы (+1 %); последнюю неделю поток на 8 % выше нормы (-1 %)
Чернышевская,10,2,871.0,1000.0,562.0,636.0,717.0,844.0,931.0,996.0,в последний час поток на 41 % ниже нормы (-5 %); вся линия на 25 % ниже нормы (-4 %); соседние станции на 18 % ниже нормы (-2 %)
Площадь Восстания,8,1,2499.0,2784.0,1653.0,1878.0,2114.0,2387.0,2624.0,2779.0,вчера в 08 ч поток был на 22 % ниже нормы (-3 %); в последний час поток на 35 % ниже нормы (-3 %); вся линия на 4 % ниже нормы (-2 %)
Площадь Восстания,8,2,2499.0,2784.0,2576.0,2920.0,3278.0,2489.0,2760.0,2931.0,вчера в 08 ч поток был на 22 % ниже нормы (-3 %); последнюю неделю поток на 5 % выше нормы (-1 %); вся линия на уровне нормы (-1 %)
Площадь Восстания,9,1,3212.0,3216.0,2546.0,2891.0,3255.0,2689.0,2956.0,3130.0,вся линия на 25 % ниже нормы (-4 %); вчера в 09 ч поток был на 15 % ниже нормы (-3 %); в последний час поток на 12 % ниже нормы (-2 %)
Площадь Восстания,9,2,3212.0,3216.0,1916.0,2173.0,2439.0,2744.0,3043.0,3231.0,вчера в 09 ч поток был на 15 % ниже нормы (-3 %); в последний час поток на 35 % ниже нормы (-3 %); вся линия на 4 % ниже нормы (-2 %)
Площадь Восстания,10,1,2554.0,3372.0,3031.0,3392.0,3777.0,3032.0,3321.0,3557.0,вчера в 10 ч поток был на 15 % ниже нормы (-3 %); поправка на величину нормы (3 372 входов в 10 ч) (-1 %); последнюю неделю поток на 5 % выше нормы (-1 %)
Площадь Восстания,10,2,2554.0,3372.0,2714.0,3070.0,3458.0,2828.0,3121.0,3339.0,вся линия на 25 % ниже нормы (-4 %); вчера в 10 ч поток был на 15 % ниже нормы (-3 %); в последний час поток на 12 % ниже нормы (-2 %)
Нарвская,8,1,972.0,361.0,302.0,335.0,369.0,361.0,391.0,419.0,последнюю неделю поток на 12 % выше нормы (-2 %); в последний час поток на 17 % ниже нормы (-2 %); вся линия на 4 % ниже нормы (-2 %)
Нарвская,8,2,972.0,361.0,363.0,403.0,445.0,361.0,394.0,424.0,последнюю неделю поток на 12 % выше нормы (-3 %); поправка на величину нормы (361 входов в 08 ч) (+1 %); вчера в 08 ч поток был на 2 % выше нормы (+1 %)
Нарвская,9,1,1099.0,957.0,2324.0,2577.0,2836.0,973.0,1055.0,1130.0,в последний час поток на 140 % выше нормы (+4 %); вся линия на 25 % ниже нормы (-3 %); последнюю неделю поток на 12 % выше нормы (-3 %)
Нарвская,9,2,1099.0,957.0,800.0,888.0,981.0,951.0,1039.0,1118.0,в последний час поток на 17 % ниже нормы (-2 %); последнюю неделю поток на 12 % выше нормы (-2 %); вся линия на 4 % ниже нормы (-2 %)
Нарвская,10,1,906.0,842.0,853.0,966.0,1090.0,813.0,915.0,987.0,последнюю неделю поток на 12 % выше нормы (-3 %); вчера в 10 ч поток был на 5 % ниже нормы (-1 %); соседние станции на 10 % выше нормы (+1 %)
Нарвская,10,2,906.0,842.0,1990.0,2266.0,2569.0,790.0,897.0,962.0,последнюю неделю поток на 12 % выше нормы (-4 %); в последний час поток на 140 % выше нормы (+3 %); вся линия на 25 % ниже нормы (-3 %)
вся линия,8,1,45351.0,56468.0,,58713.0,,,58337.0,,
вся линия,8,2,45351.0,56468.0,,59626.0,,,58632.0,,
вся линия,9,1,42467.0,39428.0,,34237.0,,,38530.0,,
вся линия,9,2,42467.0,39428.0,,40408.0,,,40900.0,,
вся линия,10,1,33019.0,29469.0,,31692.0,,,31013.0,,
вся линия,10,2,33019.0,29469.0,,26151.0,,,29048.0,,
