model,fold,h,slice,n,wape,mae,pinball_10,pinball_50,pinball_90,pinball,pinball_norm,coverage
b4,все,1,все часы,13166,0.118698,168.046369,33.038096,84.023185,72.880292,63.313857,0.044721,0.625399
b4,все,1,"пики 07–09, 17–19",4002,0.11802,258.407046,48.543273,129.203523,127.072264,101.606354,0.046406,0.511994
b4,все,1,группа: Спальные конечные,5104,0.099557,145.278703,27.131241,72.639351,65.753457,55.174683,0.03781,0.67594
b4,все,1,группа: Центр и вокзалы,4582,0.118812,185.2201,41.906852,92.61005,61.998281,65.505061,0.042019,0.637276
b4,все,1,группа: Прочие,3480,0.15371,178.826868,30.024286,89.413434,97.660966,72.366229,0.062202,0.535632
b4,все,1,аномальные часы,2815,0.251194,430.655595,72.449393,215.327798,257.394761,181.723984,0.105996,0.001421
b4,final,1,все часы,13166,0.118698,168.046369,33.038096,84.023185,72.880292,63.313857,0.044721,0.625399
b4,final,1,"пики 07–09, 17–19",4002,0.11802,258.407046,48.543273,129.203523,127.072264,101.606354,0.046406,0.511994
b4,final,1,группа: Спальные конечные,5104,0.099557,145.278703,27.131241,72.639351,65.753457,55.174683,0.03781,0.67594
b4,final,1,группа: Центр и вокзалы,4582,0.118812,185.2201,41.906852,92.61005,61.998281,65.505061,0.042019,0.637276
b4,final,1,группа: Прочие,3480,0.15371,178.826868,30.024286,89.413434,97.660966,72.366229,0.062202,0.535632
b4,final,1,аномальные часы,2815,0.251194,430.655595,72.449393,215.327798,257.394761,181.723984,0.105996,0.001421
b4,все,2,все часы,13166,0.118698,168.046369,33.038096,84.023185,72.880292,63.313857,0.044721,0.625399
b4,все,2,"пики 07–09, 17–19",4002,0.11802,258.407046,48.543273,129.203523,127.072264,101.606354,0.046406,0.511994
b4,все,2,группа: Спальные конечные,5104,0.099557,145.278703,27.131241,72.639351,65.753457,55.174683,0.03781,0.67594
b4,все,2,группа: Центр и вокзалы,4582,0.118812,185.2201,41.906852,92.61005,61.998281,65.505061,0.042019,0.637276
b4,все,2,группа: Прочие,3480,0.15371,178.826868,30.024286,89.413434,97.660966,72.366229,0.062202,0.535632
b4,все,2,аномальные часы,2815,0.251194,430.655595,72.449393,215.327798,257.394761,181.723984,0.105996,0.001421
b4,final,2,все часы,13166,0.118698,168.046369,33.038096,84.023185,72.880292,63.313857,0.044721,0.625399
b4,final,2,"пики 07–09, 17–19",4002,0.11802,258.407046,48.543273,129.203523,127.072264,101.606354,0.046406,0.511994
b4,final,2,группа: Спальные конечные,5104,0.099557,145.278703,27.131241,72.639351,65.753457,55.174683,0.03781,0.67594
b4,final,2,группа: Центр и вокзалы,4582,0.118812,185.2201,41.906852,92.61005,61.998281,65.505061,0.042019,0.637276
b4,final,2,группа: Прочие,3480,0.15371,178.826868,30.024286,89.413434,97.660966,72.366229,0.062202,0.535632
b4,final,2,аномальные часы,2815,0.251194,430.655595,72.449393,215.327798,257.394761,181.723984,0.105996,0.001421
b4_level,все,1,все часы,13166,0.098906,140.025623,30.554583,70.012811,45.802463,48.789952,0.034462,0.623348
b4_level,все,1,"пики 07–09, 17–19",4002,0.087601,191.803607,40.698769,95.901804,68.106366,68.235646,0.031165,0.608446
b4_level,все,1,группа: Спальные конечные,5104,0.087019,126.982714,27.019129,63.491357,42.895501,44.468662,0.030474,0.626763
b4_level,все,1,группа: Центр и вокзалы,4582,0.102991,160.555169,35.379603,80.277584,49.293751,54.983646,0.03527,0.655609
b4_level,все,1,группа: Прочие,3480,0.113567,132.124654,29.386973,66.062327,45.469143,46.972815,0.040375,0.575862
b4_level,все,1,аномальные часы,2815,0.152933,262.193821,52.600886,131.096911,113.412483,99.03676,0.057766,0.314742
b4_level,final,1,все часы,13166,0.098906,140.025623,30.554583,70.012811,45.802463,48.789952,0.034462,0.623348
b4_level,final,1,"пики 07–09, 17–19",4002,0.087601,191.803607,40.698769,95.901804,68.106366,68.235646,0.031165,0.608446
b4_level,final,1,группа: Спальные конечные,5104,0.087019,126.982714,27.019129,63.491357,42.895501,44.468662,0.030474,0.626763
b4_level,final,1,группа: Центр и вокзалы,4582,0.102991,160.555169,35.379603,80.277584,49.293751,54.983646,0.03527,0.655609
b4_level,final,1,группа: Прочие,3480,0.113567,132.124654,29.386973,66.062327,45.469143,46.972815,0.040375,0.575862
b4_level,final,1,аномальные часы,2815,0.152933,262.193821,52.600886,131.096911,113.412483,99.03676,0.057766,0.314742
b4_level,все,2,все часы,13166,0.098906,140.025623,30.554583,70.012811,45.802463,48.789952,0.034462,0.623348
b4_level,все,2,"пики 07–09, 17–19",4002,0.087601,191.803607,40.698769,95.901804,68.106366,68.235646,0.031165,0.608446
b4_level,все,2,группа: Спальные конечные,5104,0.087019,126.982714,27.019129,63.491357,42.895501,44.468662,0.030474,0.626763
b4_level,все,2,группа: Центр и вокзалы,4582,0.102991,160.555169,35.379603,80.277584,49.293751,54.983646,0.03527,0.655609
b4_level,все,2,группа: Прочие,3480,0.113567,132.124654,29.386973,66.062327,45.469143,46.972815,0.040375,0.575862
b4_level,все,2,аномальные часы,2815,0.152933,262.193821,52.600886,131.096911,113.412483,99.03676,0.057766,0.314742
b4_level,final,2,все часы,13166,0.098906,140.025623,30.554583,70.012811,45.802463,48.789952,0.034462,0.623348
b4_level,final,2,"пики 07–09, 17–19",4002,0.087601,191.803607,40.698769,95.901804,68.106366,68.235646,0.031165,0.608446
b4_level,final,2,группа: Спальные конечные,5104,0.087019,126.982714,27.019129,63.491357,42.895501,44.468662,0.030474,0.626763
b4_level,final,2,группа: Центр и вокзалы,4582,0.102991,160.555169,35.379603,80.277584,49.293751,54.983646,0.03527,0.655609
b4_level,final,2,группа: Прочие,3480,0.113567,132.124654,29.386973,66.062327,45.469143,46.972815,0.040375,0.575862
b4_level,final,2,аномальные часы,2815,0.152933,262.193821,52.600886,131.096911,113.412483,99.03676,0.057766,0.314742
b4_level_x_r,все,1,все часы,13166,0.086778,122.854931,30.634864,61.427466,36.104053,42.722128,0.030176,0.683579
b4_level_x_r,все,1,"пики 07–09, 17–19",4002,0.080206,175.612572,45.933439,87.806286,52.27102,62.003581,0.028318,0.647926
b4_level_x_r,все,1,группа: Спальные конечные,5104,0.063864,93.194005,20.268672,46.597002,27.661313,31.508996,0.021593,0.704545
b4_level_x_r,все,1,группа: Центр и вокзалы,4582,0.093598,145.912643,34.73529,72.956322,41.518805,49.736806,0.031904,0.698167
b4_level_x_r,все,1,группа: Прочие,3480,0.116897,135.998303,40.439718,67.999152,41.357316,49.932062,0.042919,0.633621
b4_level_x_r,все,1,аномальные часы,2815,0.128698,220.644713,56.400339,110.322356,76.051566,80.924754,0.047202,0.402842
b4_level_x_r,final,1,все часы,13166,0.086778,122.854931,30.634864,61.427466,36.104053,42.722128,0.030176,0.683579
b4_level_x_r,final,1,"пики 07–09, 17–19",4002,0.080206,175.612572,45.933439,87.806286,52.27102,62.003581,0.028318,0.647926
b4_level_x_r,final,1,группа: Спальные конечные,5104,0.063864,93.194005,20.268672,46.597002,27.661313,31.508996,0.021593,0.704545
b4_level_x_r,final,1,группа: Центр и вокзалы,4582,0.093598,145.912643,34.73529,72.956322,41.518805,49.736806,0.031904,0.698167
b4_level_x_r,final,1,группа: Прочие,3480,0.116897,135.998303,40.439718,67.999152,41.357316,49.932062,0.042919,0.633621
b4_level_x_r,final,1,аномальные часы,2815,0.128698,220.644713,56.400339,110.322356,76.051566,80.924754,0.047202,0.402842
b4_level_x_r,все,2,все часы,13166,0.105477,149.327955,37.878864,74.663978,44.941594,52.494812,0.037079,0.652742
b4_level_x_r,все,2,"пики 07–09, 17–19",4002,0.101897,223.105547,57.505151,111.552774,72.797075,80.618333,0.03682,0.615192
b4_level_x_r,все,2,группа: Спальные конечные,5104,0.083959,122.516364,26.524399,61.258182,40.386638,42.723073,0.029278,0.666928
b4_level_x_r,все,2,группа: Центр и вокзалы,4582,0.114713,178.829369,44.571028,89.414685,51.465509,61.817074,0.039653,0.661938
b4_level_x_r,все,2,группа: Прочие,3480,0.128767,149.808095,45.720731,74.904047,43.032373,54.552384,0.04689,0.619828
b4_level_x_r,все,2,аномальные часы,2815,0.154473,264.833304,61.495054,132.416652,103.117782,99.009829,0.057751,0.352753
b4_level_x_r,final,2,все часы,13166,0.105477,149.327955,37.878864,74.663978,44.941594,52.494812,0.037079,0.652742
b4_level_x_r,final,2,"пики 07–09, 17–19",4002,0.101897,223.105547,57.505151,111.552774,72.797075,80.618333,0.03682,0.615192
b4_level_x_r,final,2,группа: Спальные конечные,5104,0.083959,122.516364,26.524399,61.258182,40.386638,42.723073,0.029278,0.666928
b4_level_x_r,final,2,группа: Центр и вокзалы,4582,0.114713,178.829369,44.571028,89.414685,51.465509,61.817074,0.039653,0.661938
b4_level_x_r,final,2,группа: Прочие,3480,0.128767,149.808095,45.720731,74.904047,43.032373,54.552384,0.04689,0.619828
b4_level_x_r,final,2,аномальные часы,2815,0.154473,264.833304,61.495054,132.416652,103.117782,99.009829,0.057751,0.352753
b4_x_ewm2,все,1,все часы,13166,0.091118,128.999452,30.119233,64.499726,41.492136,45.370365,0.032047,0.64864
b4_x_ewm2,все,1,"пики 07–09, 17–19",4002,0.083338,182.470769,43.528029,91.235384,64.929787,66.5644,0.030401,0.610695
b4_x_ewm2,все,1,группа: Спальные конечные,5104,0.079692,116.28951,26.072836,58.144755,39.583637,41.267076,0.02828,0.65576
b4_x_ewm2,все,1,группа: Центр и вокзалы,4582,0.093964,146.483949,32.467257,73.241974,44.345086,50.018106,0.032085,0.652117
b4_x_ewm2,все,1,группа: Прочие,3480,0.107116,124.619446,32.962382,62.309723,40.534882,45.268996,0.038911,0.633621
b4_x_ewm2,все,1,аномальные часы,2815,0.135768,232.766169,48.423642,116.383084,101.588359,88.798362,0.051795,0.312966
b4_x_ewm2,final,1,все часы,13166,0.091118,128.999452,30.119233,64.499726,41.492136,45.370365,0.032047,0.64864
b4_x_ewm2,final,1,"пики 07–09, 17–19",4002,0.083338,182.470769,43.528029,91.235384,64.929787,66.5644,0.030401,0.610695
b4_x_ewm2,final,1,группа: Спальные конечные,5104,0.079692,116.28951,26.072836,58.144755,39.583637,41.267076,0.02828,0.65576
b4_x_ewm2,final,1,группа: Центр и вокзалы,4582,0.093964,146.483949,32.467257,73.241974,44.345086,50.018106,0.032085,0.652117
b4_x_ewm2,final,1,группа: Прочие,3480,0.107116,124.619446,32.962382,62.309723,40.534882,45.268996,0.038911,0.633621
b4_x_ewm2,final,1,аномальные часы,2815,0.135768,232.766169,48.423642,116.383084,101.588359,88.798362,0.051795,0.312966
b4_x_ewm2,все,2,все часы,13166,0.109007,154.326426,36.156588,77.163213,53.733628,55.684476,0.039332,0.633602
b4_x_ewm2,все,2,"пики 07–09, 17–19",4002,0.107521,235.419817,54.230659,117.709909,96.702364,89.547644,0.040898,0.598201
b4_x_ewm2,все,2,группа: Спальные конечные,5104,0.105055,153.300905,34.85671,76.650453,60.558418,57.355194,0.039305,0.633229
b4_x_ewm2,все,2,группа: Центр и вокзалы,4582,0.107673,167.855142,37.569727,83.927571,52.175709,57.891002,0.037135,0.641205
b4_x_ewm2,все,2,группа: Прочие,3480,0.118632,138.017714,36.202441,69.008857,45.775196,50.328832,0.04326,0.624138
b4_x_ewm2,все,2,аномальные часы,2815,0.172765,296.194685,57.011274,148.097343,145.993485,117.034034,0.068264,0.284902
b4_x_ewm2,final,2,все часы,13166,0.109007,154.326426,36.156588,77.163213,53.733628,55.684476,0.039332,0.633602
b4_x_ewm2,final,2,"пики 07–09, 17–19",4002,0.107521,235.419817,54.230659,117.709909,96.702364,89.547644,0.040898,0.598201
b4_x_ewm2,final,2,группа: Спальные конечные,5104,0.105055,153.300905,34.85671,76.650453,60.558418,57.355194,0.039305,0.633229
b4_x_ewm2,final,2,группа: Центр и вокзалы,4582,0.107673,167.855142,37.569727,83.927571,52.175709,57.891002,0.037135,0.641205
b4_x_ewm2,final,2,группа: Прочие,3480,0.118632,138.017714,36.202441,69.008857,45.775196,50.328832,0.04326,0.624138
b4_x_ewm2,final,2,аномальные часы,2815,0.172765,296.194685,57.011274,148.097343,145.993485,117.034034,0.068264,0.284902
b4_x_r,все,1,все часы,13166,0.086361,122.264545,30.129122,61.132273,35.957468,42.406287,0.029953,0.695124
b4_x_r,все,1,"пики 07–09, 17–19",4002,0.079423,173.897383,44.541207,86.948692,52.084047,61.191315,0.027947,0.647926
b4_x_r,все,1,группа: Спальные конечные,5104,0.064984,94.827018,20.588112,47.413509,27.748059,31.91656,0.021872,0.706701
b4_x_r,все,1,группа: Центр и вокзалы,4582,0.093477,145.724011,35.076363,72.862006,41.511048,49.816472,0.031956,0.70777
b4_x_r,все,1,группа: Прочие,3480,0.113131,131.617954,37.608735,65.808977,40.68572,48.034478,0.041288,0.661494
b4_x_r,все,1,аномальные часы,2815,0.128666,220.589555,55.682363,110.294777,76.585206,80.854115,0.047161,0.389698
b4_x_r,final,1,все часы,13166,0.086361,122.264545,30.129122,61.132273,35.957468,42.406287,0.029953,0.695124
b4_x_r,final,1,"пики 07–09, 17–19",4002,0.079423,173.897383,44.541207,86.948692,52.084047,61.191315,0.027947,0.647926
b4_x_r,final,1,группа: Спальные конечные,5104,0.064984,94.827018,20.588112,47.413509,27.748059,31.91656,0.021872,0.706701
b4_x_r,final,1,группа: Центр и вокзалы,4582,0.093477,145.724011,35.076363,72.862006,41.511048,49.816472,0.031956,0.70777
b4_x_r,final,1,группа: Прочие,3480,0.113131,131.617954,37.608735,65.808977,40.68572,48.034478,0.041288,0.661494
b4_x_r,final,1,аномальные часы,2815,0.128666,220.589555,55.682363,110.294777,76.585206,80.854115,0.047161,0.389698
b4_x_r,все,2,все часы,13166,0.108141,153.100214,37.935657,76.550107,48.792875,54.426213,0.038444,0.657527
b4_x_r,все,2,"пики 07–09, 17–19",4002,0.108352,237.23909,59.147717,118.619545,85.934206,87.900489,0.040146,0.593453
b4_x_r,все,2,группа: Спальные конечные,5104,0.090363,131.862472,27.791511,65.931236,47.939136,47.220628,0.03236,0.663009
b4_x_r,все,2,группа: Центр и вокзалы,4582,0.115652,180.293377,45.453259,90.146688,52.069465,62.556471,0.040128,0.664775
b4_x_r,все,2,группа: Прочие,3480,0.127595,148.444573,42.91556,74.222287,45.730848,54.289565,0.046664,0.639943
b4_x_r,все,2,аномальные часы,2815,0.168129,288.246671,64.77185,144.123335,123.139836,110.67834,0.064557,0.301243
b4_x_r,final,2,все часы,13166,0.108141,153.100214,37.935657,76.550107,48.792875,54.426213,0.038444,0.657527
b4_x_r,final,2,"пики 07–09, 17–19",4002,0.108352,237.23909,59.147717,118.619545,85.934206,87.900489,0.040146,0.593453
b4_x_r,final,2,группа: Спальные конечные,5104,0.090363,131.862472,27.791511,65.931236,47.939136,47.220628,0.03236,0.663009
b4_x_r,final,2,группа: Центр и вокзалы,4582,0.115652,180.293377,45.453259,90.146688,52.069465,62.556471,0.040128,0.664775
b4_x_r,final,2,группа: Прочие,3480,0.127595,148.444573,42.91556,74.222287,45.730848,54.289565,0.046664,0.639943
b4_x_r,final,2,аномальные часы,2815,0.168129,288.246671,64.77185,144.123335,123.139836,110.67834,0.064557,0.301243
b8,все,1,все часы,13166,0.161608,228.795724,43.315179,114.397862,106.823199,88.178747,0.062284,0.523849
b8,все,1,"пики 07–09, 17–19",4002,0.168205,368.288106,64.550764,184.144053,195.925757,148.206858,0.067689,0.351574
b8,все,1,группа: Спальные конечные,5104,0.135509,197.741673,34.801653,98.870837,96.575312,76.749267,0.052595,0.59326
b8,все,1,группа: Центр и вокзалы,4582,0.152314,237.446857,54.357307,118.723429,79.899649,84.326795,0.054093,0.550196
b8,все,1,группа: Прочие,3480,0.226018,262.951006,41.262879,131.475503,157.302774,110.013719,0.094562,0.387356
b8,все,1,аномальные часы,2815,0.271675,465.769094,80.734384,232.884547,277.54802,197.05565,0.114939,0.040142
b8,final,1,все часы,13166,0.161608,228.795724,43.315179,114.397862,106.823199,88.178747,0.062284,0.523849
b8,final,1,"пики 07–09, 17–19",4002,0.168205,368.288106,64.550764,184.144053,195.925757,148.206858,0.067689,0.351574
b8,final,1,группа: Спальные конечные,5104,0.135509,197.741673,34.801653,98.870837,96.575312,76.749267,0.052595,0.59326
b8,final,1,группа: Центр и вокзалы,4582,0.152314,237.446857,54.357307,118.723429,79.899649,84.326795,0.054093,0.550196
b8,final,1,группа: Прочие,3480,0.226018,262.951006,41.262879,131.475503,157.302774,110.013719,0.094562,0.387356
b8,final,1,аномальные часы,2815,0.271675,465.769094,80.734384,232.884547,277.54802,197.05565,0.114939,0.040142
b8,все,2,все часы,13166,0.161608,228.795724,43.315179,114.397862,106.823199,88.178747,0.062284,0.523849
b8,все,2,"пики 07–09, 17–19",4002,0.168205,368.288106,64.550764,184.144053,195.925757,148.206858,0.067689,0.351574
b8,все,2,группа: Спальные конечные,5104,0.135509,197.741673,34.801653,98.870837,96.575312,76.749267,0.052595,0.59326
b8,все,2,группа: Центр и вокзалы,4582,0.152314,237.446857,54.357307,118.723429,79.899649,84.326795,0.054093,0.550196
b8,все,2,группа: Прочие,3480,0.226018,262.951006,41.262879,131.475503,157.302774,110.013719,0.094562,0.387356
b8,все,2,аномальные часы,2815,0.271675,465.769094,80.734384,232.884547,277.54802,197.05565,0.114939,0.040142
b8,final,2,все часы,13166,0.161608,228.795724,43.315179,114.397862,106.823199,88.178747,0.062284,0.523849
b8,final,2,"пики 07–09, 17–19",4002,0.168205,368.288106,64.550764,184.144053,195.925757,148.206858,0.067689,0.351574
b8,final,2,группа: Спальные конечные,5104,0.135509,197.741673,34.801653,98.870837,96.575312,76.749267,0.052595,0.59326
b8,final,2,группа: Центр и вокзалы,4582,0.152314,237.446857,54.357307,118.723429,79.899649,84.326795,0.054093,0.550196
b8,final,2,группа: Прочие,3480,0.226018,262.951006,41.262879,131.475503,157.302774,110.013719,0.094562,0.387356
b8,final,2,аномальные часы,2815,0.271675,465.769094,80.734384,232.884547,277.54802,197.05565,0.114939,0.040142
lgbm_final,все,1,все часы,13166,0.072278,102.327627,20.669503,51.163814,29.483172,33.772163,0.023855,0.726189
lgbm_final,все,1,"пики 07–09, 17–19",4002,0.066732,146.109764,28.480074,73.054882,43.146889,48.227282,0.022026,0.702649
lgbm_final,все,1,группа: Спальные конечные,5104,0.062368,91.010047,17.3849,45.505023,25.905524,29.598482,0.020283,0.74569
lgbm_final,все,1,группа: Центр и вокзалы,4582,0.076756,119.656983,25.014822,59.828492,33.033383,39.292232,0.025205,0.711916
lgbm_final,все,1,группа: Прочие,3480,0.082611,96.109761,19.765585,48.05488,30.055945,32.62547,0.028043,0.716379
lgbm_final,все,1,аномальные часы,2815,0.121961,209.0941,38.195812,104.54705,72.533618,71.758827,0.041856,0.461812
lgbm_final,final,1,все часы,13166,0.072278,102.327627,20.669503,51.163814,29.483172,33.772163,0.023855,0.726189
lgbm_final,final,1,"пики 07–09, 17–19",4002,0.066732,146.109764,28.480074,73.054882,43.146889,48.227282,0.022026,0.702649
lgbm_final,final,1,группа: Спальные конечные,5104,0.062368,91.010047,17.3849,45.505023,25.905524,29.598482,0.020283,0.74569
lgbm_final,final,1,группа: Центр и вокзалы,4582,0.076756,119.656983,25.014822,59.828492,33.033383,39.292232,0.025205,0.711916
lgbm_final,final,1,группа: Прочие,3480,0.082611,96.109761,19.765585,48.05488,30.055945,32.62547,0.028043,0.716379
lgbm_final,final,1,аномальные часы,2815,0.121961,209.0941,38.195812,104.54705,72.533618,71.758827,0.041856,0.461812
lgbm_final,все,2,все часы,13166,0.082132,116.277501,22.528074,58.13875,36.395495,39.020773,0.027562,0.708643
lgbm_final,все,2,"пики 07–09, 17–19",4002,0.075956,166.307043,30.949998,83.153521,57.93289,57.34547,0.026191,0.670665
lgbm_final,все,2,группа: Спальные конечные,5104,0.074371,108.52565,19.944058,54.262825,36.022621,36.743168,0.02518,0.722179
lgbm_final,все,2,группа: Центр и вокзалы,4582,0.086169,134.331228,26.82934,67.165614,39.412457,44.469137,0.028525,0.69402
lgbm_final,все,2,группа: Прочие,3480,0.089286,103.876141,20.654631,51.93807,32.970042,35.187581,0.030245,0.708046
lgbm_final,все,2,аномальные часы,2815,0.140897,241.559298,41.059201,120.779649,97.334807,86.391219,0.05039,0.409236
lgbm_final,final,2,все часы,13166,0.082132,116.277501,22.528074,58.13875,36.395495,39.020773,0.027562,0.708643
lgbm_final,final,2,"пики 07–09, 17–19",4002,0.075956,166.307043,30.949998,83.153521,57.93289,57.34547,0.026191,0.670665
lgbm_final,final,2,группа: Спальные конечные,5104,0.074371,108.52565,19.944058,54.262825,36.022621,36.743168,0.02518,0.722179
lgbm_final,final,2,группа: Центр и вокзалы,4582,0.086169,134.331228,26.82934,67.165614,39.412457,44.469137,0.028525,0.69402
lgbm_final,final,2,группа: Прочие,3480,0.089286,103.876141,20.654631,51.93807,32.970042,35.187581,0.030245,0.708046
lgbm_final,final,2,аномальные часы,2815,0.140897,241.559298,41.059201,120.779649,97.334807,86.391219,0.05039,0.409236
seasonal_naive,все,1,все часы,13166,0.08815,124.797053,28.536641,62.398527,40.405134,43.7801,0.030924,0.770014
seasonal_naive,все,1,"пики 07–09, 17–19",4002,0.075487,165.27986,36.822633,82.63993,58.917924,59.460163,0.027157,0.755622
seasonal_naive,все,1,группа: Спальные конечные,5104,0.077618,113.264107,25.455239,56.632053,37.308234,39.798509,0.027273,0.777038
seasonal_naive,все,1,группа: Центр и вокзалы,4582,0.097509,152.010039,36.213257,76.00502,44.389481,52.202586,0.033486,0.770624
seasonal_naive,все,1,группа: Прочие,3480,0.09101,105.881609,22.948488,52.940805,39.701196,38.530163,0.033118,0.758908
seasonal_naive,все,1,аномальные часы,2815,0.131959,226.235524,44.346623,113.117762,93.895052,83.786479,0.048871,0.45151
seasonal_naive,final,1,все часы,13166,0.08815,124.797053,28.536641,62.398527,40.405134,43.7801,0.030924,0.770014
seasonal_naive,final,1,"пики 07–09, 17–19",4002,0.075487,165.27986,36.822633,82.63993,58.917924,59.460163,0.027157,0.755622
seasonal_naive,final,1,группа: Спальные конечные,5104,0.077618,113.264107,25.455239,56.632053,37.308234,39.798509,0.027273,0.777038
seasonal_naive,final,1,группа: Центр и вокзалы,4582,0.097509,152.010039,36.213257,76.00502,44.389481,52.202586,0.033486,0.770624
seasonal_naive,final,1,группа: Прочие,3480,0.09101,105.881609,22.948488,52.940805,39.701196,38.530163,0.033118,0.758908
seasonal_naive,final,1,аномальные часы,2815,0.131959,226.235524,44.346623,113.117762,93.895052,83.786479,0.048871,0.45151
seasonal_naive,все,2,все часы,13166,0.08815,124.797053,28.536641,62.398527,40.405134,43.7801,0.030924,0.770014
seasonal_naive,все,2,"пики 07–09, 17–19",4002,0.075487,165.27986,36.822633,82.63993,58.917924,59.460163,0.027157,0.755622
seasonal_naive,все,2,группа: Спальные конечные,5104,0.077618,113.264107,25.455239,56.632053,37.308234,39.798509,0.027273,0.777038
seasonal_naive,все,2,группа: Центр и вокзалы,4582,0.097509,152.010039,36.213257,76.00502,44.389481,52.202586,0.033486,0.770624
seasonal_naive,все,2,группа: Прочие,3480,0.09101,105.881609,22.948488,52.940805,39.701196,38.530163,0.033118,0.758908
seasonal_naive,все,2,аномальные часы,2815,0.131959,226.235524,44.346623,113.117762,93.895052,83.786479,0.048871,0.45151
seasonal_naive,final,2,все часы,13166,0.08815,124.797053,28.536641,62.398527,40.405134,43.7801,0.030924,0.770014
seasonal_naive,final,2,"пики 07–09, 17–19",4002,0.075487,165.27986,36.822633,82.63993,58.917924,59.460163,0.027157,0.755622
seasonal_naive,final,2,группа: Спальные конечные,5104,0.077618,113.264107,25.455239,56.632053,37.308234,39.798509,0.027273,0.777038
seasonal_naive,final,2,группа: Центр и вокзалы,4582,0.097509,152.010039,36.213257,76.00502,44.389481,52.202586,0.033486,0.770624
seasonal_naive,final,2,группа: Прочие,3480,0.09101,105.881609,22.948488,52.940805,39.701196,38.530163,0.033118,0.758908
seasonal_naive,final,2,аномальные часы,2815,0.131959,226.235524,44.346623,113.117762,93.895052,83.786479,0.048871,0.45151
