model,level,rule,h,n,n_fact,n_flag,precision,recall,f1,chosen
lgbm_final,вестибюли,порог p80,оба,26332,5630,7582,0.48642,0.65506,0.55828,True
lgbm_final,вестибюли,порог p80,1,13166,2815,3765,0.50704,0.67815,0.58024,True
lgbm_final,вестибюли,порог p80,2,13166,2815,3817,0.46607,0.63197,0.53649,True
lgbm_final,вестибюли,порог p90,оба,26332,5630,5031,0.58656,0.52416,0.55361,False
lgbm_final,вестибюли,порог p90,1,13166,2815,2520,0.61508,0.55062,0.58107,False
lgbm_final,вестибюли,порог p90,2,13166,2815,2511,0.55795,0.49769,0.5261,False
lgbm_final,вестибюли,порог p95,оба,26332,5630,3277,0.69423,0.40409,0.51083,False
lgbm_final,вестибюли,порог p95,1,13166,2815,1658,0.72376,0.42629,0.53655,False
lgbm_final,вестибюли,порог p95,2,13166,2815,1619,0.66399,0.38188,0.48489,False
lgbm_final,вестибюли,норма вне [q10; q90],оба,26332,5630,7551,0.45279,0.60728,0.51878,False
lgbm_final,вестибюли,норма вне [q10; q90],1,13166,2815,3854,0.45874,0.62806,0.53021,False
lgbm_final,вестибюли,норма вне [q10; q90],2,13166,2815,3697,0.44658,0.5865,0.50706,False
lgbm_final,станции,порог p80,оба,20880,4278,5921,0.49215,0.68116,0.57143,True
lgbm_final,станции,порог p80,1,10440,2139,2935,0.51414,0.70547,0.5948,True
lgbm_final,станции,порог p80,2,10440,2139,2986,0.47053,0.65685,0.54829,True
lgbm_final,станции,порог p90,оба,20880,4278,3961,0.59076,0.54698,0.56803,False
lgbm_final,станции,порог p90,1,10440,2139,1986,0.62387,0.57924,0.60073,False
lgbm_final,станции,порог p90,2,10440,2139,1975,0.55747,0.51473,0.53525,False
lgbm_final,станции,порог p95,оба,20880,4278,2597,0.6985,0.42403,0.52771,False
lgbm_final,станции,порог p95,1,10440,2139,1330,0.73008,0.45395,0.55982,False
lgbm_final,станции,порог p95,2,10440,2139,1267,0.66535,0.39411,0.49501,False
lgbm_final,станции,норма вне [q10; q90],оба,20880,4278,6170,0.45138,0.65101,0.53312,False
lgbm_final,станции,норма вне [q10; q90],1,10440,2139,3155,0.458,0.67555,0.5459,False
lgbm_final,станции,норма вне [q10; q90],2,10440,2139,3015,0.44444,0.62646,0.51998,False
b4_level_x_r,вестибюли,порог p80,оба,26332,5630,10824,0.36789,0.70728,0.48402,True
b4_level_x_r,вестибюли,порог p80,1,13166,2815,5403,0.38386,0.73677,0.50475,True
b4_level_x_r,вестибюли,порог p80,2,13166,2815,5421,0.35196,0.6778,0.46333,True
b4_level_x_r,вестибюли,порог p90,оба,26332,5630,7475,0.44856,0.59556,0.51171,False
b4_level_x_r,вестибюли,порог p90,1,13166,2815,3723,0.47515,0.62842,0.54114,False
b4_level_x_r,вестибюли,порог p90,2,13166,2815,3752,0.42217,0.5627,0.48241,False
b4_level_x_r,вестибюли,порог p95,оба,26332,5630,5229,0.5328,0.49485,0.51312,False
b4_level_x_r,вестибюли,порог p95,1,13166,2815,2575,0.57476,0.52575,0.54917,False
b4_level_x_r,вестибюли,порог p95,2,13166,2815,2654,0.49209,0.46394,0.4776,False
b4_level_x_r,вестибюли,норма вне [q10; q90],оба,26332,5630,9480,0.38734,0.65222,0.48604,False
b4_level_x_r,вестибюли,норма вне [q10; q90],1,13166,2815,4887,0.40004,0.69449,0.50766,False
b4_level_x_r,вестибюли,норма вне [q10; q90],2,13166,2815,4593,0.37383,0.60995,0.46355,False
b4_level_x_r,станции,порог p80,оба,20880,4278,8425,0.36309,0.71505,0.48162,True
b4_level_x_r,станции,порог p80,1,10440,2139,4185,0.38232,0.74801,0.50601,True
b4_level_x_r,станции,порог p80,2,10440,2139,4240,0.3441,0.68209,0.45744,True
b4_level_x_r,станции,порог p90,оба,20880,4278,5726,0.45005,0.60238,0.51519,False
b4_level_x_r,станции,порог p90,1,10440,2139,2843,0.48189,0.64049,0.54998,False
b4_level_x_r,станции,порог p90,2,10440,2139,2883,0.41866,0.56428,0.48068,False
b4_level_x_r,станции,порог p95,оба,20880,4278,4074,0.53633,0.51075,0.52323,False
b4_level_x_r,станции,порог p95,1,10440,2139,2000,0.582,0.54418,0.56245,False
b4_level_x_r,станции,порог p95,2,10440,2139,2074,0.49229,0.47733,0.48469,False
b4_level_x_r,станции,норма вне [q10; q90],оба,20880,4278,7300,0.38507,0.65708,0.48558,False
b4_level_x_r,станции,норма вне [q10; q90],1,10440,2139,3742,0.40219,0.7036,0.51182,False
b4_level_x_r,станции,норма вне [q10; q90],2,10440,2139,3558,0.36706,0.61057,0.45849,False
