model,sday,h,n,wape,mae,pinball_10,pinball_50,pinball_90,pinball,pinball_norm,coverage
b4,2026-05-29,1,454,0.058215,92.011013,21.460787,46.005507,29.795659,32.420651,0.020513,0.715859
b4,2026-05-29,2,454,0.058215,92.011013,21.460787,46.005507,29.795659,32.420651,0.020513,0.715859
b4,2026-06-27,1,454,0.15204,175.786344,28.673128,87.893172,78.298938,64.955079,0.056181,0.511013
b4,2026-06-27,2,454,0.15204,175.786344,28.673128,87.893172,78.298938,64.955079,0.056181,0.511013
b4,2026-08-31,1,362,0.097849,126.745856,24.73627,63.372928,41.090794,43.066664,0.033248,0.665746
b4,2026-08-31,2,362,0.097849,126.745856,24.73627,63.372928,41.090794,43.066664,0.033248,0.665746
b4_level,2026-05-29,1,454,0.059456,93.972066,19.230524,46.986033,27.945966,31.387508,0.019859,0.773128
b4_level,2026-05-29,2,454,0.059456,93.972066,19.230524,46.986033,27.945966,31.387508,0.019859,0.773128
b4_level,2026-06-27,1,454,0.142231,164.445028,26.030144,82.222514,80.035888,62.762849,0.054284,0.53304
b4_level,2026-06-27,2,454,0.142231,164.445028,26.030144,82.222514,80.035888,62.762849,0.054284,0.53304
b4_level,2026-08-31,1,362,0.075926,98.347692,21.010968,49.173846,31.599053,33.927956,0.026193,0.726519
b4_level,2026-08-31,2,362,0.075926,98.347692,21.010968,49.173846,31.599053,33.927956,0.026193,0.726519
b4_level_x_r,2026-05-29,1,454,0.064165,101.414596,22.731458,50.707298,26.9406,33.459785,0.02117,0.751101
b4_level_x_r,2026-05-29,2,454,0.070402,111.273002,25.893312,55.636501,28.520593,36.683469,0.02321,0.753304
b4_level_x_r,2026-06-27,1,454,0.095738,110.690696,20.918199,55.345348,38.59591,38.286486,0.033114,0.680617
b4_level_x_r,2026-06-27,2,454,0.110863,128.177874,22.80126,64.088937,48.360546,45.083581,0.038993,0.634361
b4_level_x_r,2026-08-31,1,362,0.064928,84.10167,20.556232,42.050835,26.365857,29.657642,0.022896,0.748619
b4_level_x_r,2026-08-31,2,362,0.098432,127.500328,30.80442,63.750164,34.282573,42.945719,0.033155,0.723757
b4_x_ewm2,2026-05-29,1,454,0.056452,89.223399,23.164725,44.6117,22.521953,30.099459,0.019044,0.751101
b4_x_ewm2,2026-05-29,2,454,0.064181,101.439837,25.986023,50.719919,24.211307,33.639083,0.021283,0.757709
b4_x_ewm2,2026-06-27,1,454,0.109207,126.263047,21.807568,63.131523,53.46759,46.13556,0.039903,0.625551
b4_x_ewm2,2026-06-27,2,454,0.127026,146.865901,24.406445,73.43295,63.727076,53.85549,0.04658,0.599119
b4_x_ewm2,2026-08-31,1,362,0.080385,104.124369,24.391736,52.062184,30.193633,35.549184,0.027444,0.707182
b4_x_ewm2,2026-08-31,2,362,0.097369,126.124055,29.257531,63.062028,37.570208,43.296589,0.033426,0.68232
b4_x_r,2026-05-29,1,454,0.064113,101.332399,22.930628,50.6662,27.027003,33.541277,0.021222,0.746696
b4_x_r,2026-05-29,2,454,0.070322,111.146227,26.130124,55.573114,28.606859,36.770032,0.023264,0.742291
b4_x_r,2026-06-27,1,454,0.095926,110.90804,21.234248,55.45402,38.60231,38.430193,0.033239,0.674009
b4_x_r,2026-06-27,2,454,0.111486,128.898133,23.431033,64.449066,48.404382,45.42816,0.039291,0.627753
b4_x_r,2026-08-31,1,362,0.066473,86.103832,20.970032,43.051916,25.964513,29.995487,0.023157,0.762431
b4_x_r,2026-08-31,2,362,0.099978,129.502491,31.218318,64.751245,33.880523,43.283362,0.033415,0.737569
b8,2026-05-29,1,454,0.061376,97.006608,27.327831,48.503304,34.31241,36.714515,0.023229,0.645374
b8,2026-05-29,2,454,0.061376,97.006608,27.327831,48.503304,34.31241,36.714515,0.023229,0.645374
b8,2026-06-27,1,454,0.15769,182.318282,31.682256,91.159141,75.35657,66.065989,0.057141,0.46696
b8,2026-06-27,2,454,0.15769,182.318282,31.682256,91.159141,75.35657,66.065989,0.057141,0.46696
b8,2026-08-31,1,362,0.094364,122.230663,26.625325,61.115331,38.126056,41.955571,0.03239,0.69337
b8,2026-08-31,2,362,0.094364,122.230663,26.625325,61.115331,38.126056,41.955571,0.03239,0.69337
lgbm_base,2026-05-29,1,454,0.057627,91.080899,17.62289,45.540449,24.025371,29.062903,0.018388,0.810573
lgbm_base,2026-05-29,2,454,0.057554,90.966073,17.632907,45.483037,24.075742,29.063895,0.018389,0.80837
lgbm_base,2026-06-27,1,454,0.14123,163.287579,26.869936,81.643789,65.655439,58.056388,0.050214,0.660793
lgbm_base,2026-06-27,2,454,0.141454,163.547152,26.903114,81.773576,66.469565,58.382085,0.050495,0.654185
lgbm_base,2026-08-31,1,362,0.081573,105.662494,20.836733,52.831247,35.521713,36.396564,0.028099,0.624309
lgbm_base,2026-08-31,2,362,0.083248,107.831909,20.834104,53.915955,35.796284,36.848781,0.028448,0.638122
lgbm_full_log1p,2026-05-29,1,454,0.050383,79.631122,17.548621,39.815561,19.302731,25.555638,0.016169,0.828194
lgbm_full_log1p,2026-05-29,2,454,0.05317,84.036467,17.705655,42.018233,19.536474,26.420121,0.016716,0.84141
lgbm_full_log1p,2026-06-27,1,454,0.108514,125.462342,22.911819,62.731171,45.145426,43.596139,0.037707,0.709251
lgbm_full_log1p,2026-06-27,2,454,0.117066,135.349956,23.683236,67.674978,52.87388,48.077365,0.041583,0.667401
lgbm_full_log1p,2026-08-31,1,362,0.064582,83.653416,19.217559,41.826708,29.51728,30.187182,0.023305,0.674033
lgbm_full_log1p,2026-08-31,2,362,0.070547,91.380582,20.130608,45.690291,32.548556,32.789818,0.025314,0.679558
lgbm_full_ratio,2026-05-29,1,454,0.048217,76.207822,17.150696,38.103911,19.893342,25.049316,0.015849,0.784141
lgbm_full_ratio,2026-05-29,2,454,0.052265,82.606191,17.484092,41.303095,20.462775,26.416654,0.016714,0.799559
lgbm_full_ratio,2026-06-27,1,454,0.109083,126.120517,22.558411,63.060258,39.391578,41.670082,0.036041,0.744493
lgbm_full_ratio,2026-06-27,2,454,0.120162,138.929054,23.275903,69.464527,47.132805,46.624412,0.040326,0.698238
lgbm_full_ratio,2026-08-31,1,362,0.060865,78.838912,16.130793,39.419456,22.192491,25.914247,0.020006,0.732044
lgbm_full_ratio,2026-08-31,2,362,0.068054,88.150781,18.421814,44.075391,27.03418,29.843795,0.02304,0.737569
lgbm_s1,2026-05-29,1,454,0.051162,80.863058,18.368291,40.431529,21.595795,26.798538,0.016955,0.790749
lgbm_s1,2026-05-29,2,454,0.054136,85.563423,18.612274,42.781712,22.138074,27.84402,0.017617,0.792952
lgbm_s1,2026-06-27,1,454,0.119317,137.952547,23.249498,68.976274,45.393261,45.873011,0.039676,0.715859
lgbm_s1,2026-06-27,2,454,0.129984,150.285775,24.049738,75.142887,53.298211,50.830279,0.043964,0.698238
lgbm_s1,2026-08-31,1,362,0.064316,83.309698,16.946995,41.654849,23.301046,27.300963,0.021077,0.707182
lgbm_s1,2026-08-31,2,362,0.072834,94.343031,19.324047,47.171516,28.079836,31.525133,0.024338,0.696133
lgbm_s2,2026-05-29,1,454,0.050412,79.677818,18.260609,39.838909,21.537716,26.545744,0.016795,0.777533
lgbm_s2,2026-05-29,2,454,0.056159,88.761091,18.660044,44.380546,22.309354,28.449981,0.018,0.784141
lgbm_s2,2026-06-27,1,454,0.104601,120.937813,22.429658,60.468906,40.954755,41.28444,0.035707,0.737885
lgbm_s2,2026-06-27,2,454,0.120764,139.626027,23.975653,69.813013,48.371012,47.38656,0.040985,0.69163
lgbm_s2,2026-08-31,1,362,0.065157,84.399045,16.696383,42.199523,22.386968,27.094291,0.020917,0.70442
lgbm_s2,2026-08-31,2,362,0.073545,95.26417,19.027381,47.632085,27.287543,31.31567,0.024176,0.698895
lgbm_s3,2026-05-29,1,454,0.050679,80.099395,18.527417,40.049697,21.542697,26.706604,0.016897,0.773128
lgbm_s3,2026-05-29,2,454,0.055942,88.417914,18.653567,44.208957,22.574981,28.479169,0.018019,0.77533
lgbm_s3,2026-06-27,1,454,0.105775,122.295057,22.06784,61.147528,41.02752,41.414296,0.03582,0.73348
lgbm_s3,2026-06-27,2,454,0.121393,140.352858,23.703823,70.176429,48.07536,47.318537,0.040926,0.702643
lgbm_s3,2026-08-31,1,362,0.064375,83.385635,17.156517,41.692818,22.039088,26.962808,0.020816,0.751381
lgbm_s3,2026-08-31,2,362,0.072863,94.380864,19.709999,47.190432,27.520962,31.473798,0.024298,0.71547
lgbm_s4,2026-05-29,1,454,0.048005,75.873206,17.340581,37.936603,19.916778,25.064654,0.015858,0.779736
lgbm_s4,2026-05-29,2,454,0.051824,81.908765,17.657155,40.954383,20.519768,26.377102,0.016689,0.795154
lgbm_s4,2026-06-27,1,454,0.109033,126.062707,23.646104,63.031353,40.141651,42.273036,0.036563,0.746696
lgbm_s4,2026-06-27,2,454,0.121893,140.930383,24.253989,70.465192,47.72049,47.47989,0.041066,0.689427
lgbm_s4,2026-08-31,1,362,0.061462,79.612819,16.263251,39.806409,22.31656,26.12874,0.020172,0.729282
lgbm_s4,2026-08-31,2,362,0.067314,87.193328,18.15107,43.596664,26.899713,29.549149,0.022812,0.718232
lgbm_s5,2026-05-29,1,454,0.047932,75.757425,17.146412,37.878712,19.532264,24.852463,0.015724,0.784141
lgbm_s5,2026-05-29,2,454,0.051733,81.764874,17.58254,40.882437,20.163171,26.209383,0.016583,0.790749
lgbm_s5,2026-06-27,1,454,0.106578,123.22358,23.719419,61.61179,41.159531,42.16358,0.036468,0.751101
lgbm_s5,2026-06-27,2,454,0.12024,139.019902,23.826441,69.509951,47.981009,47.1058,0.040742,0.715859
lgbm_s5,2026-08-31,1,362,0.061633,79.833631,15.796421,39.916816,22.829737,26.180991,0.020212,0.745856
lgbm_s5,2026-08-31,2,362,0.068241,88.393652,18.105022,44.196826,27.149302,29.81705,0.023019,0.729282
lgbm_s6,2026-05-29,1,454,0.047932,75.757425,17.146412,37.878712,19.532264,24.852463,0.015724,0.784141
lgbm_s6,2026-05-29,2,454,0.051733,81.764874,17.58254,40.882437,20.163171,26.209383,0.016583,0.790749
lgbm_s6,2026-06-27,1,454,0.109106,126.146527,22.994226,63.073263,41.765979,42.611156,0.036855,0.731278
lgbm_s6,2026-06-27,2,454,0.119639,138.325368,23.339181,69.162684,48.26608,46.922648,0.040584,0.687225
lgbm_s6,2026-08-31,1,362,0.06116,79.220847,15.975831,39.610424,23.183425,26.25656,0.02027,0.726519
lgbm_s6,2026-08-31,2,362,0.068267,88.427213,17.905718,44.213606,27.248827,29.789384,0.022998,0.726519
seasonal_naive,2026-05-29,1,454,0.062158,98.242291,20.69347,49.121145,33.458861,34.424492,0.02178,0.814978
seasonal_naive,2026-05-29,2,454,0.062158,98.242291,20.69347,49.121145,33.458861,34.424492,0.02178,0.814978
seasonal_naive,2026-06-27,1,454,0.142747,165.04185,31.226153,82.520925,55.499131,56.415403,0.048794,0.568282
seasonal_naive,2026-06-27,2,454,0.142747,165.04185,31.226153,82.520925,55.499131,56.415403,0.048794,0.568282
seasonal_naive,2026-08-31,1,362,0.085408,110.629834,26.124087,55.314917,32.681287,38.040097,0.029367,0.776243
seasonal_naive,2026-08-31,2,362,0.085408,110.629834,26.124087,55.314917,32.681287,38.040097,0.029367,0.776243
