model,level,rule,h,n,n_fact,n_flag,precision,recall,f1
модель,вестибюли,порог p80,оба,108948,10996,9853,0.3333,0.29865,0.31503
модель,вестибюли,порог p80,1,54474,5498,5277,0.34811,0.33412,0.34097
модель,вестибюли,порог p80,2,54474,5498,4576,0.31622,0.26319,0.28727
модель,вестибюли,порог p90,оба,108948,10996,3635,0.49188,0.1626,0.24441
модель,вестибюли,порог p90,1,54474,5498,2008,0.51096,0.18661,0.27338
модель,вестибюли,порог p90,2,54474,5498,1627,0.46835,0.1386,0.21389
модель,вестибюли,порог p95,оба,108948,10996,1172,0.67321,0.07175,0.12968
модель,вестибюли,порог p95,1,54474,5498,691,0.67438,0.08476,0.15059
модель,вестибюли,порог p95,2,54474,5498,481,0.67152,0.05875,0.10804
модель,вестибюли,норма вне [q10; q90],оба,108948,10996,11152,0.18974,0.19243,0.19108
модель,вестибюли,норма вне [q10; q90],1,54474,5498,6108,0.18549,0.20607,0.19524
модель,вестибюли,норма вне [q10; q90],2,54474,5498,5044,0.19489,0.17879,0.18649
модель,станции,порог p80,оба,86400,7362,7410,0.30324,0.30522,0.30422
модель,станции,порог p80,1,43200,3681,3965,0.32055,0.34529,0.33246
модель,станции,порог p80,2,43200,3681,3445,0.28331,0.26515,0.27393
модель,станции,порог p90,оба,86400,7362,2631,0.46636,0.16667,0.24557
модель,станции,порог p90,1,43200,3681,1452,0.49105,0.1937,0.27781
модель,станции,порог p90,2,43200,3681,1179,0.43596,0.13964,0.21152
модель,станции,порог p95,оба,86400,7362,848,0.64269,0.07403,0.13276
модель,станции,порог p95,1,43200,3681,498,0.64257,0.08693,0.15315
модель,станции,порог p95,2,43200,3681,350,0.64286,0.06112,0.11163
модель,станции,норма вне [q10; q90],оба,86400,7362,8877,0.15467,0.1865,0.1691
модель,станции,норма вне [q10; q90],1,43200,3681,4885,0.15128,0.20076,0.17254
модель,станции,норма вне [q10; q90],2,43200,3681,3992,0.15882,0.17224,0.16525
бейзлайн,вестибюли,порог p80,оба,108948,10996,24782,0.22302,0.50264,0.30896
бейзлайн,вестибюли,порог p80,1,54474,5498,13049,0.23504,0.55784,0.33073
бейзлайн,вестибюли,порог p80,2,54474,5498,11733,0.20967,0.44744,0.28553
бейзлайн,вестибюли,порог p90,оба,108948,10996,13039,0.3113,0.36913,0.33776
бейзлайн,вестибюли,порог p90,1,54474,5498,6988,0.335,0.42579,0.37498
бейзлайн,вестибюли,порог p90,2,54474,5498,6051,0.28392,0.31248,0.29751
бейзлайн,вестибюли,порог p95,оба,108948,10996,6882,0.41311,0.25855,0.31804
бейзлайн,вестибюли,порог p95,1,54474,5498,3720,0.4457,0.30156,0.35973
бейзлайн,вестибюли,порог p95,2,54474,5498,3162,0.37476,0.21553,0.27367
бейзлайн,вестибюли,норма вне [q10; q90],оба,108948,10996,22044,0.22564,0.45235,0.30109
бейзлайн,вестибюли,норма вне [q10; q90],1,54474,5498,12096,0.23322,0.5131,0.32068
бейзлайн,вестибюли,норма вне [q10; q90],2,54474,5498,9948,0.21643,0.3916,0.27878
бейзлайн,станции,порог p80,оба,86400,7362,17956,0.20767,0.50652,0.29457
бейзлайн,станции,порог p80,1,43200,3681,9430,0.22121,0.56669,0.31821
бейзлайн,станции,порог p80,2,43200,3681,8526,0.1927,0.44635,0.26919
бейзлайн,станции,порог p90,оба,86400,7362,8987,0.30344,0.37042,0.3336
бейзлайн,станции,порог p90,1,43200,3681,4801,0.32993,0.43032,0.3735
бейзлайн,станции,порог p90,2,43200,3681,4186,0.27305,0.31051,0.29058
бейзлайн,станции,порог p95,оба,86400,7362,4478,0.41291,0.25115,0.31233
бейзлайн,станции,порог p95,1,43200,3681,2402,0.45504,0.29693,0.35936
бейзлайн,станции,порог p95,2,43200,3681,2076,0.36416,0.20538,0.26264
бейзлайн,станции,норма вне [q10; q90],оба,86400,7362,15724,0.20726,0.44268,0.28234
бейзлайн,станции,норма вне [q10; q90],1,43200,3681,8611,0.21589,0.50503,0.30247
бейзлайн,станции,норма вне [q10; q90],2,43200,3681,7113,0.19682,0.38033,0.2594
