fold,train_start,train_end,calib_start,es_start,n_train,n_calib,best_iter_10,best_iter_50,best_iter_90,calib_cov_raw,calib_cov,corr_lo_all,corr_hi_all,model,h,test_cov_raw,test_cov
май,2026-02-09,2026-04-23,2026-03-27,2026-04-10,67192,25424,29,19,66,0.69096,0.80176,0.03238,0.01471,lgbm_base,1,0.68613,0.77611
май,2026-02-09,2026-04-23,2026-03-27,2026-04-10,67192,25424,29,19,66,0.69096,0.80176,0.03238,0.01471,lgbm_base,2,0.68591,0.77538
июнь,2026-02-09,2026-05-24,2026-04-27,2026-05-11,95328,25412,185,75,155,0.68546,0.80167,0.01555,0.04991,lgbm_base,1,0.67788,0.79895
июнь,2026-02-09,2026-05-24,2026-04-27,2026-05-11,95328,25412,185,75,155,0.68546,0.80167,0.01555,0.04991,lgbm_base,2,0.67522,0.79789
июль,2026-02-09,2026-06-23,2026-05-27,2026-06-10,121660,24516,19,2269,295,0.70591,0.80193,0.02601,0.02169,lgbm_base,1,0.7683,0.83473
июль,2026-02-09,2026-06-23,2026-05-27,2026-06-10,121660,24516,19,2269,295,0.70591,0.80193,0.02601,0.02169,lgbm_base,2,0.76844,0.83445
август,2026-02-09,2026-07-24,2026-06-27,2026-07-11,148900,24516,6,744,927,0.74037,0.80193,0.04125,-0.00631,lgbm_base,1,0.67217,0.69413
август,2026-02-09,2026-07-24,2026-06-27,2026-07-11,148900,24516,6,744,927,0.74037,0.80193,0.04125,-0.00631,lgbm_base,2,0.67195,0.6942
май,2026-02-09,2026-04-23,2026-03-27,2026-04-10,67192,25424,55,40,71,0.69682,0.80176,0.02594,0.01542,lgbm_s1,1,0.70163,0.78265
май,2026-02-09,2026-04-23,2026-03-27,2026-04-10,67192,25424,55,40,71,0.69682,0.80176,0.02594,0.01542,lgbm_s1,2,0.69135,0.77839
июнь,2026-02-09,2026-05-24,2026-04-27,2026-05-11,95328,25412,305,136,73,0.6894,0.80167,0.01429,0.04624,lgbm_s1,1,0.70993,0.81855
июнь,2026-02-09,2026-05-24,2026-04-27,2026-05-11,95328,25412,305,136,73,0.6894,0.80167,0.01429,0.04624,lgbm_s1,2,0.68631,0.80997
июль,2026-02-09,2026-06-23,2026-05-27,2026-06-10,121660,24516,113,1046,203,0.72031,0.80193,0.01622,0.01896,lgbm_s1,1,0.77057,0.8294
июль,2026-02-09,2026-06-23,2026-05-27,2026-06-10,121660,24516,113,1046,203,0.72031,0.80193,0.01622,0.01896,lgbm_s1,2,0.75643,0.82699
август,2026-02-09,2026-07-24,2026-06-27,2026-07-11,148900,24516,114,443,887,0.75469,0.80193,0.01989,0.00168,lgbm_s1,1,0.74809,0.76079
август,2026-02-09,2026-07-24,2026-06-27,2026-07-11,148900,24516,114,443,887,0.75469,0.80193,0.01989,0.00168,lgbm_s1,2,0.73304,0.75198
май,2026-02-09,2026-04-23,2026-03-27,2026-04-10,67192,25424,67,61,88,0.69619,0.80176,0.02283,0.01789,lgbm_s2,1,0.69737,0.7778
май,2026-02-09,2026-04-23,2026-03-27,2026-04-10,67192,25424,67,61,88,0.69619,0.80176,0.02283,0.01789,lgbm_s2,2,0.68099,0.7742
июнь,2026-02-09,2026-05-24,2026-04-27,2026-05-11,95328,25412,269,267,102,0.68448,0.80167,0.01532,0.04242,lgbm_s2,1,0.72399,0.82751
июнь,2026-02-09,2026-05-24,2026-04-27,2026-05-11,95328,25412,269,267,102,0.68448,0.80167,0.01532,0.04242,lgbm_s2,2,0.69247,0.81361
июль,2026-02-09,2026-06-23,2026-05-27,2026-06-10,121660,24516,166,1275,227,0.71541,0.80193,0.01566,0.02027,lgbm_s2,1,0.76688,0.83104
июль,2026-02-09,2026-06-23,2026-05-27,2026-06-10,121660,24516,166,1275,227,0.71541,0.80193,0.01566,0.02027,lgbm_s2,2,0.75053,0.83011
август,2026-02-09,2026-07-24,2026-06-27,2026-07-11,148900,24516,105,628,779,0.75106,0.80193,0.01763,0.00274,lgbm_s2,1,0.76197,0.78113
август,2026-02-09,2026-07-24,2026-06-27,2026-07-11,148900,24516,105,628,779,0.75106,0.80193,0.01763,0.00274,lgbm_s2,2,0.73803,0.76791
май,2026-02-09,2026-04-23,2026-03-27,2026-04-10,67192,25424,81,81,77,0.69761,0.80176,0.02235,0.01708,lgbm_s3,1,0.69326,0.77428
май,2026-02-09,2026-04-23,2026-03-27,2026-04-10,67192,25424,81,81,77,0.69761,0.80176,0.02235,0.01708,lgbm_s3,2,0.67783,0.77237
июнь,2026-02-09,2026-05-24,2026-04-27,2026-05-11,95328,25412,417,320,108,0.67936,0.80167,0.01625,0.0427,lgbm_s3,1,0.71875,0.82333
июнь,2026-02-09,2026-05-24,2026-04-27,2026-05-11,95328,25412,417,320,108,0.67936,0.80167,0.01625,0.0427,lgbm_s3,2,0.68707,0.81133
июль,2026-02-09,2026-06-23,2026-05-27,2026-06-10,121660,24516,196,2981,178,0.71545,0.80193,0.01645,0.02005,lgbm_s3,1,0.76588,0.82727
июль,2026-02-09,2026-06-23,2026-05-27,2026-06-10,121660,24516,196,2981,178,0.71545,0.80193,0.01645,0.02005,lgbm_s3,2,0.74684,0.8294
август,2026-02-09,2026-07-24,2026-06-27,2026-07-11,148900,24516,115,658,629,0.75265,0.80188,0.01652,0.00323,lgbm_s3,1,0.76417,0.78179
август,2026-02-09,2026-07-24,2026-06-27,2026-07-11,148900,24516,115,658,629,0.75265,0.80188,0.01652,0.00323,lgbm_s3,2,0.7406,0.76953
май,2026-02-09,2026-04-23,2026-03-27,2026-04-10,67192,25424,63,61,122,0.71554,0.80176,0.01973,0.01248,lgbm_s4,1,0.70479,0.77237
май,2026-02-09,2026-04-23,2026-03-27,2026-04-10,67192,25424,63,61,122,0.71554,0.80176,0.01973,0.01248,lgbm_s4,2,0.68709,0.7695
июнь,2026-02-09,2026-05-24,2026-04-27,2026-05-11,95328,25412,134,211,102,0.69581,0.80167,0.01243,0.04245,lgbm_s4,1,0.74168,0.82956
июнь,2026-02-09,2026-05-24,2026-04-27,2026-05-11,95328,25412,134,211,102,0.69581,0.80167,0.01243,0.04245,lgbm_s4,2,0.70606,0.81642
июль,2026-02-09,2026-06-23,2026-05-27,2026-06-10,121660,24516,259,978,227,0.72455,0.80193,0.01357,0.01843,lgbm_s4,1,0.76474,0.82414
июль,2026-02-09,2026-06-23,2026-05-27,2026-06-10,121660,24516,259,978,227,0.72455,0.80193,0.01357,0.01843,lgbm_s4,2,0.74513,0.82457
август,2026-02-09,2026-07-24,2026-06-27,2026-07-11,148900,24516,136,442,518,0.75245,0.80193,0.01587,0.00349,lgbm_s4,1,0.77107,0.79604
август,2026-02-09,2026-07-24,2026-06-27,2026-07-11,148900,24516,136,442,518,0.75245,0.80193,0.01587,0.00349,lgbm_s4,2,0.74978,0.78686
май,2026-02-09,2026-04-23,2026-03-27,2026-04-10,67192,25424,67,94,146,0.71102,0.80176,0.01974,0.01313,lgbm_s5,1,0.70582,0.77685
май,2026-02-09,2026-04-23,2026-03-27,2026-04-10,67192,25424,67,94,146,0.71102,0.80176,0.01974,0.01313,lgbm_s5,2,0.68878,0.77149
июнь,2026-02-09,2026-05-24,2026-04-27,2026-05-11,95328,25412,139,389,79,0.69247,0.80167,0.01287,0.04499,lgbm_s5,1,0.74214,0.83321
июнь,2026-02-09,2026-05-24,2026-04-27,2026-05-11,95328,25412,139,389,79,0.69247,0.80167,0.01287,0.04499,lgbm_s5,2,0.70682,0.8231
июль,2026-02-09,2026-06-23,2026-05-27,2026-06-10,121660,24516,370,1400,237,0.7232,0.80193,0.01311,0.01879,lgbm_s5,1,0.7624,0.81974
июль,2026-02-09,2026-06-23,2026-05-27,2026-06-10,121660,24516,370,1400,237,0.7232,0.80193,0.01311,0.01879,lgbm_s5,2,0.74336,0.82237
август,2026-02-09,2026-07-24,2026-06-27,2026-07-11,148900,24516,171,288,501,0.74829,0.80193,0.01642,0.00406,lgbm_s5,1,0.77012,0.79295
август,2026-02-09,2026-07-24,2026-06-27,2026-07-11,148900,24516,171,288,501,0.74829,0.80193,0.01642,0.00406,lgbm_s5,2,0.74912,0.78664
май,2026-02-09,2026-04-23,2026-03-27,2026-04-10,67192,25424,67,94,146,0.71102,0.80176,0.01974,0.01313,lgbm_s6,1,0.70582,0.77685
май,2026-02-09,2026-04-23,2026-03-27,2026-04-10,67192,25424,67,94,146,0.71102,0.80176,0.01974,0.01313,lgbm_s6,2,0.68878,0.77149
июнь,2026-02-09,2026-05-24,2026-04-27,2026-05-11,95328,25412,139,389,79,0.69247,0.80167,0.01287,0.04499,lgbm_s6,1,0.73735,0.83328
июнь,2026-02-09,2026-05-24,2026-04-27,2026-05-11,95328,25412,139,389,79,0.69247,0.80167,0.01287,0.04499,lgbm_s6,2,0.70659,0.82356
июль,2026-02-09,2026-06-23,2026-05-27,2026-06-10,121660,24516,247,1479,223,0.72108,0.80193,0.01226,0.02026,lgbm_s6,1,0.76005,0.82045
июль,2026-02-09,2026-06-23,2026-05-27,2026-06-10,121660,24516,247,1479,223,0.72108,0.80193,0.01226,0.02026,lgbm_s6,2,0.74428,0.82095
август,2026-02-09,2026-07-24,2026-06-27,2026-07-11,148900,24516,169,249,531,0.75702,0.80193,0.01438,0.00322,lgbm_s6,1,0.76872,0.78693
август,2026-02-09,2026-07-24,2026-06-27,2026-07-11,148900,24516,169,249,531,0.75702,0.80193,0.01438,0.00322,lgbm_s6,2,0.7475,0.77974
май,2026-02-09,2026-04-23,2026-03-27,2026-04-10,67192,25424,81,89,140,0.70886,0.80172,0.02084,0.01289,lgbm_full_ratio,1,0.70332,0.77729
май,2026-02-09,2026-04-23,2026-03-27,2026-04-10,67192,25424,81,89,140,0.70886,0.80172,0.02084,0.01289,lgbm_full_ratio,2,0.68782,0.77391
июнь,2026-02-09,2026-05-24,2026-04-27,2026-05-11,95328,25412,228,514,108,0.69294,0.80167,0.01449,0.04126,lgbm_full_ratio,1,0.7372,0.83123
июнь,2026-02-09,2026-05-24,2026-04-27,2026-05-11,95328,25412,228,514,108,0.69294,0.80167,0.01449,0.04126,lgbm_full_ratio,2,0.70348,0.8165
июль,2026-02-09,2026-06-23,2026-05-27,2026-06-10,121660,24516,432,2230,263,0.71933,0.80188,0.01309,0.01969,lgbm_full_ratio,1,0.75203,0.81569
июль,2026-02-09,2026-06-23,2026-05-27,2026-06-10,121660,24516,432,2230,263,0.71933,0.80188,0.01309,0.01969,lgbm_full_ratio,2,0.73689,0.81874
август,2026-02-09,2026-07-24,2026-06-27,2026-07-11,148900,24516,207,456,403,0.74943,0.80188,0.01704,0.00337,lgbm_full_ratio,1,0.76535,0.78965
август,2026-02-09,2026-07-24,2026-06-27,2026-07-11,148900,24516,207,456,403,0.74943,0.80188,0.01704,0.00337,lgbm_full_ratio,2,0.7442,0.78062
май,2026-02-09,2026-04-23,2026-03-27,2026-04-10,67192,25424,379,433,722,0.65509,0.80176,0.04294,0.00215,lgbm_full_log1p,1,0.69686,0.79741
май,2026-02-09,2026-04-23,2026-03-27,2026-04-10,67192,25424,379,433,722,0.65509,0.80176,0.04294,0.00215,lgbm_full_log1p,2,0.68657,0.79404
июнь,2026-02-09,2026-05-24,2026-04-27,2026-05-11,95328,25412,740,710,405,0.70203,0.80167,0.02566,0.01347,lgbm_full_log1p,1,0.72626,0.81414
июнь,2026-02-09,2026-05-24,2026-04-27,2026-05-11,95328,25412,740,710,405,0.70203,0.80167,0.02566,0.01347,lgbm_full_log1p,2,0.71161,0.81034
июль,2026-02-09,2026-06-23,2026-05-27,2026-06-10,121660,24516,334,2884,458,0.73001,0.80193,0.02367,0.0052,lgbm_full_log1p,1,0.73838,0.82016
июль,2026-02-09,2026-06-23,2026-05-27,2026-06-10,121660,24516,334,2884,458,0.73001,0.80193,0.02367,0.0052,lgbm_full_log1p,2,0.73,0.82194
август,2026-02-09,2026-07-24,2026-06-27,2026-07-11,148900,24516,289,1250,2286,0.71366,0.80197,0.04052,-0.00907,lgbm_full_log1p,1,0.74185,0.7746
август,2026-02-09,2026-07-24,2026-06-27,2026-07-11,148900,24516,289,1250,2286,0.71366,0.80197,0.04052,-0.00907,lgbm_full_log1p,2,0.72342,0.76542
