step,model,n_features,wape,wape_peaks,wape_anomaly,wape_holidays,wape_h1,wape_h2,coverage_raw,coverage,wape_май,wape_июнь,wape_июль,wape_август,dbl_dwape,dbl_lo,dbl_hi,dbl_p_dm,kept,dprev_dwape,dprev_lo,dprev_hi,dprev_p_dm,dprev_fold_mean,dprev_folds_pos,dprev_май,dprev_июнь,dprev_июль,dprev_август,dgroup_dwape,dgroup_lo,dgroup_hi,dgroup_p_dm,group_days
база,lgbm_base,12,0.066435,0.054568,0.232371,0.143714,0.066024,0.066846,0.701518,0.776031,0.068107,0.068378,0.063012,0.066225,0.000203,-0.002643,0.002701,0.910754,,,,,,,,,,,,,,,,
+ ядро динамики,lgbm_s1,17,0.058484,0.048504,0.195072,0.130411,0.056933,0.060034,0.725218,0.794957,0.062949,0.060704,0.054587,0.055421,0.008154,0.006816,0.009398,0.0,True,0.007951,0.006315,0.009761,0.0,0.008015,4.0,0.005158,0.007674,0.008425,0.010804,,,,,
+ кросс,lgbm_s2,22,0.056644,0.047255,0.184833,0.125849,0.054463,0.058824,0.726952,0.800501,0.062014,0.058056,0.053102,0.053095,0.009994,0.00869,0.011396,0.0,True,0.00184,0.001281,0.002434,0.0,0.001849,4.0,0.000935,0.002648,0.001485,0.002326,,,,,
+ скорость и ускорение,lgbm_s3,27,0.056652,0.047246,0.183958,0.126595,0.054384,0.058921,0.724749,0.798757,0.062078,0.057981,0.053459,0.052751,0.009985,0.008643,0.011397,0.0,False,-9e-06,-0.000153,0.000123,0.915164,-0.0,2.0,-6.4e-05,7.5e-05,-0.000357,0.000344,,,,,
+ вчера,lgbm_s4,24,0.055361,0.045108,0.183353,0.127654,0.053555,0.057167,0.734057,0.802447,0.061094,0.056717,0.052281,0.050965,0.011277,0.009995,0.012641,0.0,True,0.001283,0.000898,0.001699,1e-06,0.001302,4.0,0.00092,0.001338,0.000821,0.00213,,,,,
+ погода,lgbm_s5,26,0.055083,0.045,0.179546,0.126469,0.053329,0.056838,0.733809,0.803236,0.06071,0.056433,0.052277,0.050508,0.011554,0.010234,0.012955,0.0,True,0.000278,7.5e-05,0.00051,0.011711,0.000282,4.0,0.000384,0.000284,4e-06,0.000457,,,,,
+ особые дни,lgbm_s6,29,0.054923,0.045023,0.177596,0.126361,0.053223,0.056623,0.732643,0.801593,0.06071,0.055596,0.052385,0.050629,0.011715,0.010264,0.013394,0.0,False,0.00016,-8.3e-05,0.000501,0.341623,0.000152,1.0,0.0,0.000837,-0.000108,-0.000121,0.007371,0.0,0.014536,6.3e-05,"08.05, 11.06"
"цель log((y+1)/(f+1)), полный набор",lgbm_full_ratio,34,0.054899,0.045063,0.176727,0.127253,0.053166,0.056633,0.72899,0.8004,0.060808,0.055456,0.052404,0.050553,0.011739,0.010246,0.013464,0.0,,,,,,,,,,,,,,,,
"цель log1p(y), полный набор",lgbm_full_log1p,34,0.057572,0.049658,0.173489,0.116392,0.056001,0.059143,0.719499,0.799831,0.061563,0.05745,0.05674,0.054246,0.009066,0.007512,0.010817,0.0,,,,,,,,,,,,,,,,
