model,fold,seconds,iters,calib_cov_raw,calib_cov
lgbm,май,7.97004,"{""0.1"": 67, ""0.5"": 94, ""0.9"": 146}",0.71102,0.80176
lgbm,июнь,18.42379,"{""0.1"": 139, ""0.5"": 389, ""0.9"": 79}",0.69247,0.80167
lgbm,июль,70.23976,"{""0.1"": 370, ""0.5"": 1400, ""0.9"": 237}",0.7232,0.80193
lgbm,август,40.79018,"{""0.1"": 171, ""0.5"": 288, ""0.9"": 501}",0.74829,0.80193
linear,май,20.8133,"{""0.1"": 238, ""0.5"": 192, ""0.9"": 321}",0.70418,0.80176
linear,июнь,30.82426,"{""0.1"": 354, ""0.5"": 189, ""0.9"": 190}",0.70069,0.80167
linear,июль,37.78372,"{""0.1"": 182, ""0.5"": 170, ""0.9"": 220}",0.72357,0.80193
linear,август,45.52252,"{""0.1"": 178, ""0.5"": 156, ""0.9"": 171}",0.72903,0.80193
catboost,май,13.19812,"{""0.1"": 311, ""0.5"": 311, ""0.9"": 311}",0.72105,0.80176
catboost,июнь,23.83586,"{""0.1"": 424, ""0.5"": 424, ""0.9"": 424}",0.71014,0.80167
catboost,июль,54.7861,"{""0.1"": 785, ""0.5"": 785, ""0.9"": 785}",0.73695,0.80193
catboost,август,56.42545,"{""0.1"": 670, ""0.5"": 670, ""0.9"": 670}",0.75277,0.8018
xgboost,май,7.72308,"{""0.1"": 204, ""0.5"": 149, ""0.9"": 379}",0.71554,0.80176
xgboost,июнь,15.54683,"{""0.1"": 413, ""0.5"": 199, ""0.9"": 620}",0.71187,0.80167
xgboost,июль,21.86957,"{""0.1"": 593, ""0.5"": 442, ""0.9"": 780}",0.71729,0.80193
xgboost,август,21.46577,"{""0.1"": 482, ""0.5"": 316, ""0.9"": 715}",0.75551,0.80193
lgbm_catboost,май,21.16815,"{""a"": {""0.1"": 67, ""0.5"": 94, ""0.9"": 146}, ""b"": {""0.1"": 311, ""0.5"": 311, ""0.9"": 311}}",0.71853,0.80176
lgbm_catboost,июнь,42.25966,"{""a"": {""0.1"": 139, ""0.5"": 389, ""0.9"": 79}, ""b"": {""0.1"": 424, ""0.5"": 424, ""0.9"": 424}}",0.70518,0.80167
lgbm_catboost,июль,125.02586,"{""a"": {""0.1"": 370, ""0.5"": 1400, ""0.9"": 237}, ""b"": {""0.1"": 785, ""0.5"": 785, ""0.9"": 785}}",0.73271,0.80188
lgbm_catboost,август,97.21563,"{""a"": {""0.1"": 171, ""0.5"": 288, ""0.9"": 501}, ""b"": {""0.1"": 670, ""0.5"": 670, ""0.9"": 670}}",0.75644,0.80188
