period,k,minute,slice,vs,delta_wape,lo,hi
май + июль,1,15,все часы,модель,-0.006703,-0.008163,-0.005645
май + июль,1,15,все часы,факт b4 · r_k,-0.037143,-0.038988,-0.035155
май + июль,1,15,"пики 07–09, 17–19",модель,-0.003314,-0.004419,-0.002432
май + июль,1,15,"пики 07–09, 17–19",факт b4 · r_k,-0.038988,-0.041939,-0.035975
май + июль,1,15,аномальные,модель,-0.038865,-0.049004,-0.029353
май + июль,1,15,аномальные,факт b4 · r_k,0.003637,-0.008249,0.016566
май + июль,2,30,все часы,модель,-0.015884,-0.018586,-0.013832
май + июль,2,30,все часы,факт b4 · r_k,-0.010664,-0.011646,-0.009542
май + июль,2,30,"пики 07–09, 17–19",модель,-0.009824,-0.012283,-0.007931
май + июль,2,30,"пики 07–09, 17–19",факт b4 · r_k,-0.01044,-0.011847,-0.008871
май + июль,2,30,аномальные,модель,-0.0843,-0.104352,-0.065071
май + июль,2,30,аномальные,факт b4 · r_k,0.009476,0.003149,0.015605
май + июль,3,45,все часы,модель,-0.026267,-0.030063,-0.023276
май + июль,3,45,все часы,факт b4 · r_k,-0.002815,-0.003173,-0.002381
май + июль,3,45,"пики 07–09, 17–19",модель,-0.01896,-0.022501,-0.016296
май + июль,3,45,"пики 07–09, 17–19",факт b4 · r_k,-0.002825,-0.003343,-0.002259
май + июль,3,45,аномальные,модель,-0.122811,-0.146635,-0.096869
май + июль,3,45,аномальные,факт b4 · r_k,0.004585,0.000948,0.008227
