N,days,hours,anomalies,big,alarms_per_day,false_per_day,precision,recall_all,recall_big,recall_all_60,recall_big_60,median_min_all,median_min_big
0,57,24146,1691,220,58.087719,34.350877,0.401691,0.788882,0.877273,0.913661,0.981818,30.0,30.0
10,57,24146,1691,220,54.964912,31.912281,0.415576,0.771733,0.877273,0.902425,0.981818,30.0,30.0
20,57,24146,1691,220,51.052632,29.140351,0.427148,0.735659,0.877273,0.870491,0.981818,30.0,30.0
30,57,24146,1691,220,47.859649,26.77193,0.43915,0.708457,0.877273,0.843288,0.981818,30.0,30.0
40,57,24146,1691,220,44.859649,24.614035,0.450137,0.680662,0.877273,0.817859,0.981818,30.0,30.0
50,57,24146,1691,220,41.0,22.035088,0.461703,0.638084,0.877273,0.790065,0.981818,45.0,30.0
60,57,24146,1691,220,38.403509,20.210526,0.472819,0.612064,0.877273,0.760497,0.981818,45.0,30.0
70,57,24146,1691,220,36.298246,18.824561,0.481392,0.589001,0.877273,0.729154,0.981818,45.0,30.0
80,57,24146,1691,220,33.929825,17.245614,0.491727,0.562389,0.877273,0.70136,0.981818,45.0,30.0
90,57,24146,1691,220,31.859649,16.035088,0.496696,0.533412,0.877273,0.67534,0.981818,45.0,30.0
100,57,24146,1691,220,30.105263,15.175439,0.495921,0.503253,0.877273,0.641632,0.981818,45.0,30.0
110,57,24146,1691,220,28.263158,14.157895,0.499069,0.475458,0.877273,0.615021,0.981818,60.0,30.0
120,57,24146,1691,220,26.859649,13.298246,0.504899,0.457126,0.877273,0.584861,0.981818,60.0,30.0
130,57,24146,1691,220,25.45614,12.473684,0.509993,0.437611,0.877273,0.560024,0.981818,60.0,30.0
140,57,24146,1691,220,24.298246,11.736842,0.516968,0.423418,0.877273,0.542283,0.981818,60.0,30.0
150,57,24146,1691,220,22.947368,11.070175,0.517584,0.400355,0.877273,0.520993,0.981818,60.0,30.0
160,57,24146,1691,220,21.894737,10.596491,0.516026,0.38084,0.877273,0.494382,0.981818,inf,30.0
170,57,24146,1691,220,20.842105,10.105263,0.515152,0.361916,0.877273,0.474867,0.981818,inf,30.0
180,57,24146,1691,220,19.789474,9.45614,0.522163,0.348315,0.877273,0.457717,0.981818,inf,30.0
190,57,24146,1691,220,18.912281,8.929825,0.527829,0.336487,0.877273,0.439976,0.981818,inf,30.0
200,57,24146,1691,220,18.140351,8.526316,0.529981,0.324069,0.877273,0.425784,0.981818,inf,30.0
210,57,24146,1691,220,17.596491,8.22807,0.532403,0.315789,0.877273,0.412774,0.981818,inf,30.0
220,57,24146,1691,220,16.789474,7.824561,0.53396,0.302188,0.877273,0.39385,0.981818,inf,30.0
230,57,24146,1691,220,16.017544,7.421053,0.536692,0.289769,0.877273,0.379066,0.981818,inf,30.0
240,57,24146,1691,220,15.263158,6.947368,0.544828,0.280308,0.877273,0.373152,0.981818,inf,30.0
250,57,24146,1691,220,14.649123,6.578947,0.550898,0.272028,0.877273,0.354228,0.981818,inf,30.0
260,57,24146,1691,220,13.912281,6.052632,0.564943,0.264932,0.877273,0.340035,0.981818,inf,30.0
270,57,24146,1691,220,13.175439,5.649123,0.571238,0.253696,0.877273,0.327025,0.981818,inf,30.0
280,57,24146,1691,220,12.596491,5.333333,0.576602,0.244826,0.877273,0.321112,0.981818,inf,30.0
290,57,24146,1691,220,12.017544,5.017544,0.582482,0.235955,0.872727,0.313424,0.981818,inf,30.0
300,57,24146,1691,220,11.578947,4.824561,0.583333,0.227676,0.868182,0.301005,0.981818,inf,30.0
310,57,24146,1691,220,10.929825,4.45614,0.592295,0.218214,0.863636,0.289769,0.981818,inf,30.0
320,57,24146,1691,220,10.157895,4.175439,0.588946,0.201656,0.859091,0.274985,0.981818,inf,30.0
330,57,24146,1691,220,9.824561,4.0,0.592857,0.196334,0.859091,0.261975,0.981818,inf,30.0
340,57,24146,1691,220,9.298246,3.807018,0.590566,0.185098,0.854545,0.249556,0.981818,inf,30.0
350,57,24146,1691,220,8.807018,3.561404,0.595618,0.176818,0.845455,0.238321,0.981818,inf,30.0
360,57,24146,1691,220,8.263158,3.263158,0.605096,0.168539,0.836364,0.22945,0.981818,inf,30.0
370,57,24146,1691,220,7.824561,3.087719,0.605381,0.159669,0.827273,0.221762,0.981818,inf,30.0
380,57,24146,1691,220,7.368421,2.859649,0.611905,0.151981,0.813636,0.212892,0.981818,inf,30.0
390,57,24146,1691,220,7.035088,2.736842,0.610973,0.144885,0.804545,0.202839,0.981818,inf,30.0
400,57,24146,1691,220,6.631579,2.596491,0.608466,0.136014,0.786364,0.196334,0.981818,inf,37.5
410,57,24146,1691,220,6.263158,2.421053,0.613445,0.129509,0.781818,0.184506,0.981818,inf,45.0
420,57,24146,1691,220,5.947368,2.280702,0.616519,0.123596,0.768182,0.178593,0.981818,inf,45.0
430,57,24146,1691,220,5.614035,2.140351,0.61875,0.11709,0.759091,0.171496,0.981818,inf,45.0
440,57,24146,1691,220,5.385965,2.035088,0.62215,0.112951,0.754545,0.162626,0.981818,inf,45.0
450,57,24146,1691,220,5.157895,1.929825,0.62585,0.108811,0.745455,0.157895,0.981818,inf,45.0
460,57,24146,1691,220,4.982456,1.842105,0.630282,0.105855,0.731818,0.151981,0.981818,inf,45.0
470,57,24146,1691,220,4.754386,1.736842,0.634686,0.101715,0.718182,0.148433,0.981818,inf,45.0
480,57,24146,1691,220,4.473684,1.596491,0.643137,0.096984,0.7,0.140745,0.972727,inf,45.0
490,57,24146,1691,220,4.22807,1.421053,0.6639,0.094619,0.686364,0.136014,0.963636,inf,45.0
500,57,24146,1691,220,4.052632,1.368421,0.662338,0.090479,0.668182,0.129509,0.945455,inf,45.0
510,57,24146,1691,220,3.877193,1.263158,0.674208,0.088114,0.65,0.125961,0.922727,inf,45.0
520,57,24146,1691,220,3.719298,1.157895,0.688679,0.086339,0.640909,0.120639,0.9,inf,45.0
530,57,24146,1691,220,3.54386,1.105263,0.688119,0.0822,0.609091,0.117682,0.877273,inf,45.0
540,57,24146,1691,220,3.280702,0.929825,0.716578,0.079243,0.595455,0.111768,0.840909,inf,45.0
550,57,24146,1691,220,3.140351,0.894737,0.715084,0.075695,0.568182,0.10822,0.813636,inf,45.0
560,57,24146,1691,220,2.947368,0.807018,0.72619,0.072147,0.55,0.101715,0.772727,inf,45.0
570,57,24146,1691,220,2.807018,0.754386,0.73125,0.06919,0.531818,0.096393,0.740909,inf,45.0
580,57,24146,1691,220,2.719298,0.701754,0.741935,0.068007,0.522727,0.09521,0.731818,inf,45.0
590,57,24146,1691,220,2.614035,0.649123,0.751678,0.066233,0.509091,0.091662,0.704545,inf,45.0
600,57,24146,1691,220,2.526316,0.578947,0.770833,0.065642,0.504545,0.089296,0.686364,inf,45.0
610,57,24146,1691,220,2.45614,0.561404,0.771429,0.063868,0.490909,0.086339,0.663636,inf,60.0
620,57,24146,1691,220,2.350877,0.526316,0.776119,0.061502,0.472727,0.081017,0.622727,inf,60.0
630,57,24146,1691,220,2.245614,0.491228,0.78125,0.059137,0.454545,0.079243,0.609091,inf,60.0
640,57,24146,1691,220,2.175439,0.473684,0.782258,0.057363,0.440909,0.07806,0.6,inf,60.0
650,57,24146,1691,220,2.052632,0.421053,0.794872,0.054997,0.422727,0.074512,0.572727,inf,60.0
660,57,24146,1691,220,1.947368,0.385965,0.801802,0.052632,0.404545,0.072147,0.554545,inf,60.0
670,57,24146,1691,220,1.807018,0.333333,0.815534,0.049675,0.381818,0.071555,0.55,inf,60.0
680,57,24146,1691,220,1.754386,0.298246,0.83,0.049083,0.377273,0.069781,0.536364,inf,60.0
690,57,24146,1691,220,1.649123,0.298246,0.819149,0.045535,0.35,0.066824,0.513636,inf,60.0
700,57,24146,1691,220,1.596491,0.280702,0.824176,0.044352,0.340909,0.063868,0.490909,inf,inf
710,57,24146,1691,220,1.45614,0.263158,0.819277,0.040213,0.309091,0.060911,0.468182,inf,inf
720,57,24146,1691,220,1.421053,0.263158,0.814815,0.03903,0.3,0.058545,0.45,inf,inf
730,57,24146,1691,220,1.350877,0.22807,0.831169,0.037847,0.290909,0.057363,0.440909,inf,inf
740,57,24146,1691,220,1.333333,0.22807,0.828947,0.037256,0.286364,0.05618,0.431818,inf,inf
750,57,24146,1691,220,1.280702,0.210526,0.835616,0.036073,0.277273,0.055588,0.427273,inf,inf
760,57,24146,1691,220,1.22807,0.210526,0.828571,0.034299,0.263636,0.052632,0.404545,inf,inf
770,57,24146,1691,220,1.22807,0.210526,0.828571,0.034299,0.263636,0.051449,0.395455,inf,inf
780,57,24146,1691,220,1.192982,0.192982,0.838235,0.033708,0.259091,0.050266,0.386364,inf,inf
790,57,24146,1691,220,1.175439,0.192982,0.835821,0.033116,0.254545,0.049083,0.377273,inf,inf
800,57,24146,1691,220,1.140351,0.192982,0.830769,0.031934,0.245455,0.049083,0.377273,inf,inf
810,57,24146,1691,220,1.087719,0.175439,0.83871,0.030751,0.236364,0.047901,0.368182,inf,inf
820,57,24146,1691,220,1.070175,0.175439,0.836066,0.03016,0.231818,0.046127,0.354545,inf,inf
830,57,24146,1691,220,1.070175,0.175439,0.836066,0.03016,0.231818,0.045535,0.35,inf,inf
840,57,24146,1691,220,1.0,0.175439,0.824561,0.027794,0.213636,0.044352,0.340909,inf,inf
850,57,24146,1691,220,0.982456,0.175439,0.821429,0.027203,0.209091,0.041987,0.322727,inf,inf
860,57,24146,1691,220,0.982456,0.175439,0.821429,0.027203,0.209091,0.040804,0.313636,inf,inf
870,57,24146,1691,220,0.964912,0.175439,0.818182,0.026611,0.204545,0.040213,0.309091,inf,inf
880,57,24146,1691,220,0.964912,0.175439,0.818182,0.026611,0.204545,0.039622,0.304545,inf,inf
890,57,24146,1691,220,0.929825,0.175439,0.811321,0.025429,0.195455,0.037847,0.290909,inf,inf
900,57,24146,1691,220,0.912281,0.175439,0.807692,0.024837,0.190909,0.037256,0.286364,inf,inf
910,57,24146,1691,220,0.894737,0.175439,0.803922,0.024246,0.186364,0.035482,0.272727,inf,inf
920,57,24146,1691,220,0.877193,0.157895,0.82,0.024246,0.186364,0.033116,0.254545,inf,inf
930,57,24146,1691,220,0.824561,0.122807,0.851064,0.023655,0.181818,0.031934,0.245455,inf,inf
940,57,24146,1691,220,0.807018,0.122807,0.847826,0.023063,0.177273,0.031342,0.240909,inf,inf
950,57,24146,1691,220,0.807018,0.122807,0.847826,0.023063,0.177273,0.030751,0.236364,inf,inf
960,57,24146,1691,220,0.77193,0.122807,0.840909,0.021881,0.168182,0.029568,0.227273,inf,inf
970,57,24146,1691,220,0.736842,0.105263,0.857143,0.021289,0.163636,0.029568,0.227273,inf,inf
980,57,24146,1691,220,0.719298,0.105263,0.853659,0.020698,0.159091,0.028386,0.218182,inf,inf
990,57,24146,1691,220,0.684211,0.087719,0.871795,0.020106,0.154545,0.028386,0.218182,inf,inf
1000,57,24146,1691,220,0.666667,0.087719,0.868421,0.019515,0.15,0.027794,0.213636,inf,inf
