period,k,minute,method,slice,n,wape,coverage
сентябрь,0,0,модель,все часы,11833,0.071242,0.736077
сентябрь,0,0,модель,"пики 07–09, 17–19",3864,0.065916,0.707039
сентябрь,0,0,модель,аномальные,2389,0.120148,0.498116
сентябрь,1,15,модель,все часы,11833,0.071242,0.736077
сентябрь,1,15,факт b4 · r_k,все часы,11833,0.074951,0.813572
сентябрь,1,15,смесь,все часы,11833,0.060057,0.711485
сентябрь,1,15,модель,"пики 07–09, 17–19",3864,0.065916,0.707039
сентябрь,1,15,факт b4 · r_k,"пики 07–09, 17–19",3864,0.067825,0.842133
сентябрь,1,15,смесь,"пики 07–09, 17–19",3864,0.059163,0.663043
сентябрь,1,15,модель,аномальные,2389,0.120148,0.498116
сентябрь,1,15,факт b4 · r_k,аномальные,2389,0.082561,0.755128
сентябрь,1,15,смесь,аномальные,2389,0.100804,0.390959
сентябрь,2,30,модель,все часы,11833,0.071242,0.736077
сентябрь,2,30,факт b4 · r_k,все часы,11833,0.043741,0.809262
сентябрь,2,30,смесь,все часы,11833,0.044876,0.731683
сентябрь,2,30,модель,"пики 07–09, 17–19",3864,0.065916,0.707039
сентябрь,2,30,факт b4 · r_k,"пики 07–09, 17–19",3864,0.037058,0.851967
сентябрь,2,30,смесь,"пики 07–09, 17–19",3864,0.043886,0.693582
сентябрь,2,30,модель,аномальные,2389,0.120148,0.498116
сентябрь,2,30,факт b4 · r_k,аномальные,2389,0.048838,0.737966
сентябрь,2,30,смесь,аномальные,2389,0.070567,0.471327
сентябрь,3,45,модель,все часы,11833,0.071242,0.736077
сентябрь,3,45,факт b4 · r_k,все часы,11833,0.027041,0.805713
сентябрь,3,45,смесь,все часы,11833,0.028826,0.757881
сентябрь,3,45,модель,"пики 07–09, 17–19",3864,0.065916,0.707039
сентябрь,3,45,факт b4 · r_k,"пики 07–09, 17–19",3864,0.023084,0.83618
сентябрь,3,45,смесь,"пики 07–09, 17–19",3864,0.027873,0.735248
сентябрь,3,45,модель,аномальные,2389,0.120148,0.498116
сентябрь,3,45,факт b4 · r_k,аномальные,2389,0.028971,0.750942
сентябрь,3,45,смесь,аномальные,2389,0.040094,0.582671
