candidate,group,kind,description,h,n_rows,days_with_flag,effect,lo,hi,null_mean,effect_pct,p,p_bh,months_same_sign,months_eval,stable,by_month,duplicate_of,dwape,dwape_lo,dwape_hi,p_dm,verdict,reason
d1_abs,динамика,num,"прирост за 1 ч, входов",1,92879,,0.03187,0.0155,0.04744,0.00891,0.00756,0.001,0.00147,8.0,8.0,1.0,2:+0.01 3:+0.02 4:+0.01 5:+0.02 6:+0.03 7:+0.06 8:+0.00 9:+0.10,,0.00047,0.00014,0.00084,0.22409,проверить в абляции,"эффект +0,8 % меньше шума ±11,4 %, но ΔWAPE +0,05 п. п. (ДИ выше нуля)"
d1_pct,динамика,num,"прирост за 1 ч, %",1,92879,,0.04904,0.03251,0.0645,0.01517,0.01278,0.001,0.00147,8.0,8.0,1.0,2:+0.02 3:+0.05 4:+0.02 5:+0.03 6:+0.09 7:+0.12 8:+0.01 9:+0.11,,0.00048,0.00019,0.00078,0.13978,проверить в абляции,"эффект +1,3 % меньше шума ±11,4 %, но ΔWAPE +0,05 п. п. (ДИ выше нуля)"
d2_abs,динамика,num,"прирост за 2 ч, входов",1,87520,,0.06088,0.04212,0.07775,0.0236,0.01472,0.001,0.00147,8.0,8.0,1.0,2:+0.04 3:+0.02 4:+0.05 5:+0.06 6:+0.07 7:+0.11 8:+0.01 9:+0.16,,0.00021,-0.00012,0.00055,0.58296,отбросить,"эффект +1,5 % меньше шума слота ±11,4 %, ΔWAPE +0,02 п. п. не отличим от 0"
d2_pct,динамика,num,"прирост за 2 ч, %",1,87520,,0.08062,0.0596,0.09995,0.02947,0.01989,0.001,0.00147,8.0,8.0,1.0,2:+0.05 3:+0.05 4:+0.06 5:+0.06 6:+0.14 7:+0.16 8:+0.03 9:+0.18,,0.00038,0.0001,0.00069,0.23851,проверить в абляции,"эффект +2,0 % меньше шума ±11,4 %, но ΔWAPE +0,04 п. п. (ДИ выше нуля)"
d3_abs,динамика,num,"прирост за 3 ч, входов",1,82161,,0.06653,0.04699,0.08398,0.023,0.01713,0.001,0.00147,8.0,8.0,1.0,2:+0.06 3:+0.02 4:+0.05 5:+0.08 6:+0.08 7:+0.13 8:+0.02 9:+0.17,,0.00012,-0.00014,0.00037,0.64489,отбросить,"эффект +1,7 % меньше шума слота ±11,4 %, ΔWAPE +0,01 п. п. не отличим от 0"
d3_pct,динамика,num,"прирост за 3 ч, %",1,82161,,0.0817,0.05962,0.10172,0.0254,0.02085,0.001,0.00147,8.0,8.0,1.0,2:+0.06 3:+0.06 4:+0.05 5:+0.06 6:+0.14 7:+0.19 8:+0.02 9:+0.17,,0.00029,6e-05,0.00052,0.21874,проверить в абляции,"эффект +2,1 % меньше шума ±11,4 %, но ΔWAPE +0,03 п. п. (ДИ выше нуля)"
accel,динамика,num,ускорение y(t) − 2y(t−1) + y(t−2),1,87520,,0.01371,0.00254,0.02511,0.01043,0.00392,0.1019,0.13187,6.0,8.0,1.0,2:+0.01 3:+0.01 4:+0.01 5:+0.02 6:+0.02 7:-0.00 8:+0.01 9:-0.02,,,,,,отбросить,"не значим (p_BH = 0,13)"
excess_d1,динамика,num,"прирост против обычного за 1 ч, входов",1,92879,,0.10006,0.08875,0.11135,0.04193,0.02674,0.001,0.00147,8.0,8.0,1.0,2:+0.05 3:+0.10 4:+0.07 5:+0.10 6:+0.12 7:+0.10 8:+0.08 9:+0.16,,0.0008,0.00059,0.00101,0.0,проверить в абляции,"эффект +2,7 % меньше шума ±11,4 %, но ΔWAPE +0,08 п. п. (ДИ выше нуля)"
excess_d1_rel,динамика,num,прирост против обычного за 1 ч / b(t),1,92879,,0.09961,0.08848,0.11056,0.03924,0.02815,0.001,0.00147,8.0,8.0,1.0,2:+0.05 3:+0.10 4:+0.07 5:+0.10 6:+0.12 7:+0.10 8:+0.09 9:+0.16,,0.00064,0.0005,0.00079,0.0,проверить в абляции,"эффект +2,8 % меньше шума ±11,4 %, но ΔWAPE +0,06 п. п. (ДИ выше нуля)"
excess_d2,динамика,num,"прирост против обычного за 2 ч, входов",1,87520,,0.17115,0.15719,0.1845,0.07469,0.04828,0.001,0.00147,8.0,8.0,1.0,2:+0.12 3:+0.13 4:+0.14 5:+0.19 6:+0.19 7:+0.18 8:+0.14 9:+0.28,,0.00196,0.00158,0.00231,0.0,проверить в абляции,"эффект +4,8 % меньше шума ±11,4 %, но ΔWAPE +0,20 п. п. (ДИ выше нуля)"
excess_d2_rel,динамика,num,прирост против обычного за 2 ч / b(t),1,87520,,0.17285,0.15862,0.18548,0.07181,0.05273,0.001,0.00147,8.0,8.0,1.0,2:+0.12 3:+0.13 4:+0.15 5:+0.19 6:+0.19 7:+0.17 8:+0.15 9:+0.27,,0.00141,0.00116,0.00165,0.0,проверить в абляции,"эффект +5,3 % меньше шума ±11,4 %, но ΔWAPE +0,14 п. п. (ДИ выше нуля)"
excess_d3,динамика,num,"прирост против обычного за 3 ч, входов",1,82161,,0.19989,0.18475,0.21471,0.08382,0.05936,0.001,0.00147,8.0,8.0,1.0,2:+0.14 3:+0.17 4:+0.17 5:+0.21 6:+0.22 7:+0.22 8:+0.19 9:+0.30,,0.00212,0.00172,0.0025,0.0,проверить в абляции,"эффект +5,9 % меньше шума ±11,4 %, но ΔWAPE +0,21 п. п. (ДИ выше нуля)"
excess_d3_rel,динамика,num,прирост против обычного за 3 ч / b(t),1,82161,,0.20232,0.18689,0.21669,0.08215,0.06473,0.001,0.00147,8.0,8.0,1.0,2:+0.14 3:+0.18 4:+0.18 5:+0.21 6:+0.22 7:+0.22 8:+0.20 9:+0.30,,0.00181,0.00153,0.00209,0.0,проверить в абляции,"эффект +6,5 % меньше шума ±11,4 %, но ΔWAPE +0,18 п. п. (ДИ выше нуля)"
r,динамика,num,отклонение r(t) = y / b,1,93135,,0.56059,0.52696,0.58678,0.23464,0.18866,0.001,0.00147,8.0,8.0,1.0,2:+0.42 3:+0.38 4:+0.44 5:+0.49 6:+0.53 7:+0.48 8:+0.62 9:+0.62,,0.01504,0.01212,0.01793,0.0,брать,"значим, стабилен, ΔWAPE +1,50 п. п. (ДИ выше нуля)"
dr1,динамика,num,изменение r за 1 ч,1,87776,,0.0996,0.0883,0.11137,0.03549,0.02788,0.001,0.00147,8.0,8.0,1.0,2:+0.04 3:+0.09 4:+0.09 5:+0.10 6:+0.13 7:+0.11 8:+0.09 9:+0.15,,0.00051,0.00035,0.00066,0.00021,проверить в абляции,"эффект +2,8 % меньше шума ±11,4 %, но ΔWAPE +0,05 п. п. (ДИ выше нуля)"
dr2,динамика,num,изменение r за 2 ч,1,82417,,0.16812,0.15293,0.18424,0.05945,0.05075,0.001,0.00147,8.0,8.0,1.0,2:+0.09 3:+0.14 4:+0.17 5:+0.19 6:+0.22 7:+0.18 8:+0.14 9:+0.24,,0.00093,0.00067,0.00118,0.0,проверить в абляции,"эффект +5,1 % меньше шума ±11,4 %, но ΔWAPE +0,09 п. п. (ДИ выше нуля)"
dr3,динамика,num,изменение r за 3 ч,1,77058,,0.19218,0.17487,0.20954,0.06692,0.06136,0.001,0.00147,8.0,8.0,1.0,2:+0.10 3:+0.17 4:+0.20 5:+0.21 6:+0.25 7:+0.22 8:+0.17 9:+0.26,,0.00119,0.00087,0.00151,0.0,проверить в абляции,"эффект +6,1 % меньше шума ±11,4 %, но ΔWAPE +0,12 п. п. (ДИ выше нуля)"
accel_r,динамика,num,ускорение r,1,82417,,-0.00457,-0.0137,0.00405,-0.00569,0.00021,0.6953,0.73542,3.0,8.0,0.0,2:-0.02 3:+0.01 4:+0.01 5:-0.03 6:+0.01 7:+0.01 8:+0.01 9:-0.02,,,,,,отбросить,"не значим (p_BH = 0,74)"
ewm_r_2h,динамика,num,"сглаженное r, полупериод 2 ч",1,98518,,0.54267,0.51267,0.56784,0.23152,0.18148,0.001,0.00147,8.0,8.0,1.0,2:+0.42 3:+0.35 4:+0.44 5:+0.43 6:+0.49 7:+0.46 8:+0.63 9:+0.53,,0.01335,0.01055,0.01615,0.0,брать,"значим, стабилен, ΔWAPE +1,34 п. п. (ДИ выше нуля)"
ewm_r_6h,динамика,num,"сглаженное r, полупериод 6 ч",1,98518,,0.5028,0.47045,0.53199,0.22267,0.16343,0.001,0.00147,8.0,8.0,1.0,2:+0.38 3:+0.30 4:+0.42 5:+0.38 6:+0.42 7:+0.38 8:+0.60 9:+0.47,,0.01059,0.0079,0.01318,0.0,брать,"значим, стабилен, ΔWAPE +1,06 п. п. (ДИ выше нуля)"
cum_ratio,динамика,num,Σy/Σb с открытия,1,98193,,0.48473,0.45131,0.51521,0.22048,0.16213,0.001,0.00147,8.0,8.0,1.0,2:+0.39 3:+0.32 4:+0.36 5:+0.38 6:+0.42 7:+0.36 8:+0.59 9:+0.37,,0.01201,0.0092,0.01468,0.0,брать,"значим, стабилен, ΔWAPE +1,20 п. п. (ДИ выше нуля)"
vol_r_3h,динамика,num,std r за 3 ч,1,82417,,0.09667,0.06848,0.12485,0.05461,0.03013,0.001,0.00147,7.0,8.0,1.0,2:+0.02 3:+0.07 4:+0.01 5:-0.00 6:+0.07 7:+0.12 8:+0.06 9:+0.21,,0.00011,-7e-05,0.00028,0.40658,отбросить,"эффект +3,0 % меньше шума слота ±11,4 %, ΔWAPE +0,01 п. п. не отличим от 0"
vol_r_6h,динамика,num,std r за 6 ч,1,77058,,0.11089,0.07451,0.14955,0.05302,0.03905,0.001,0.00147,7.0,8.0,1.0,2:+0.03 3:+0.10 4:+0.00 5:-0.02 6:+0.09 7:+0.15 8:+0.08 9:+0.22,,-4e-05,-0.00024,0.00015,0.77492,отбросить,"эффект +3,9 % меньше шума слота ±11,4 %, ΔWAPE -0,00 п. п. не отличим от 0"
ratio_24,динамика,num,y(t) / y(t−24),1,98163,,0.07548,0.01988,0.12664,0.01795,0.0132,0.001,0.00147,5.0,8.0,0.0,2:-0.02 3:-0.06 4:+0.12 5:+0.12 6:+0.12 7:-0.02 8:+0.18 9:+0.11,,3e-05,-0.00023,0.0003,0.83107,отбросить,"эффект +1,3 % меньше шума слота ±11,4 %, ΔWAPE +0,00 п. п. не отличим от 0"
ratio_168,динамика,num,y(t) / y(t−168),1,98163,,0.36619,0.32481,0.4049,0.08794,0.1156,0.001,0.00147,8.0,8.0,1.0,2:+0.32 3:+0.27 4:+0.38 5:+0.32 6:+0.38 7:+0.29 8:+0.48 9:+0.34,,0.00641,0.00437,0.00842,0.0,брать,"значим, стабилен, ΔWAPE +0,64 п. п. (ДИ выше нуля)"
r_line,кросс,num,r всей линии,1,93136,,0.56096,0.52904,0.58771,0.23028,0.18565,0.001,0.00147,8.0,8.0,1.0,2:+0.46 3:+0.42 4:+0.48 5:+0.44 6:+0.52 7:+0.46 8:+0.64 9:+0.48,,0.01229,0.00911,0.01531,0.0,брать,"значим, стабилен, ΔWAPE +1,23 п. п. (ДИ выше нуля)"
r_neighbors,кросс,num,r соседних станций (±2),1,93136,,0.53009,0.49659,0.55846,0.21595,0.17503,0.001,0.00147,8.0,8.0,1.0,2:+0.42 3:+0.39 4:+0.47 5:+0.42 6:+0.49 7:+0.40 8:+0.60 9:+0.46,,0.0115,0.00846,0.01436,0.0,брать,"значим, стабилен, ΔWAPE +1,15 п. п. (ДИ выше нуля)"
r_twin,кросс,num,r второго вестибюля станции,1,38620,,0.4078,0.37471,0.43559,0.15848,0.12881,0.001,0.00147,8.0,8.0,1.0,2:+0.35 3:+0.31 4:+0.38 5:+0.35 6:+0.31 7:+0.32 8:+0.51 9:+0.40,,0.0027,0.00189,0.00346,0.0,брать,"значим, стабилен, ΔWAPE +0,27 п. п. (ДИ выше нуля)"
share_dev,кросс,num,доля вестибюля в линии к обычной (r / r_line),1,93135,,0.21253,0.19437,0.22876,0.09756,0.06572,0.001,0.00147,8.0,8.0,1.0,2:+0.13 3:+0.12 4:+0.17 5:+0.24 6:+0.23 7:+0.22 8:+0.23 9:+0.33,,0.00204,0.00172,0.00237,0.0,проверить в абляции,"эффект +6,6 % меньше шума ±11,4 %, но ΔWAPE +0,20 п. п. (ДИ выше нуля)"
fc_precip,погода,bin,"осадки ≥ 0,5 мм/ч на t+h (прогноз)",1,98518,61.0,-0.04483,-0.07693,-0.01639,-3e-05,-0.04384,0.001,0.00147,7.0,8.0,1.0,2:+0.03 3:-0.03 4:-0.10 5:-0.01 6:-0.08 7:-0.07 8:-0.08 9:-0.03,,0.00048,-0.0,0.00104,0.10116,отбросить,"эффект -4,4 % меньше шума слота ±11,4 %, ΔWAPE +0,05 п. п. не отличим от 0"
fc_snow,погода,bin,снег на t+h (прогноз),1,98518,8.0,0.05001,0.02553,0.08876,0.03297,0.05128,0.12388,0.15662,1.0,1.0,,2:+0.02,,,,,,отбросить,"не значим (p_BH = 0,16)"
fc_temp_bin0,погода,bin,температура < −15 °C на t+h (прогноз),1,98518,2.0,0.05457,-0.64308,0.07451,0.00473,0.05608,0.57642,0.64701,0.0,0.0,,,,,,,,отбросить,"не значим (p_BH = 0,65)"
fc_temp_bin1,погода,bin,температура −15…−5 °C на t+h (прогноз),1,98518,17.0,0.03466,0.02681,0.04531,0.03376,0.03526,0.72028,0.74746,0.0,1.0,,2:-0.00,,,,,,отбросить,"не значим (p_BH = 0,75)"
fc_temp_bin2,погода,bin,температура −5…+5 °C на t+h (прогноз),1,98518,60.0,0.01112,0.00134,0.02213,0.01905,0.01118,0.00899,0.01284,0.0,3.0,,2:-0.00 3:-0.01 4:-0.01,,-0.00015,-0.00038,9e-05,0.46206,отбросить,"эффект +1,1 % меньше шума слота ±11,4 %, ΔWAPE -0,02 п. п. не отличим от 0"
fc_temp_bin3,погода,bin,температура +5…+15 °C на t+h (прогноз),1,98518,146.0,0.00086,-0.00714,0.01001,0.00592,0.00086,0.06593,0.08738,2.0,7.0,0.0,3:+0.01 4:+0.01 5:-0.02 6:-0.04 7:-0.05 8:-0.00 9:-0.03,,,,,,отбросить,"не значим (p_BH = 0,09)"
fc_temp_bin4,погода,bin,температура +15…+25 °C на t+h (прогноз),1,98518,132.0,-0.01765,-0.02787,-0.00652,-0.02635,-0.0175,0.001,0.00147,0.0,5.0,0.0,5:+0.02 6:+0.03 7:+0.01 8:+0.01 9:+0.03,,-0.00019,-0.00085,0.00047,0.77956,отбросить,"эффект -1,8 % меньше шума слота ±11,4 %, ΔWAPE -0,02 п. п. не отличим от 0"
fc_temp_bin5,погода,bin,температура > +25 °C на t+h (прогноз),1,98518,18.0,-0.0247,-0.05262,0.00439,-0.03619,-0.0244,0.21778,0.26325,1.0,3.0,,6:+0.01 7:+0.02 8:-0.02,,,,,,отбросить,"не значим (p_BH = 0,26)"
fc_temp_drop24,погода,num,"T(t+h) − T(t+h−24), прогноз",1,98518,,0.07459,0.01265,0.13223,-0.00399,0.02176,0.003,0.00434,8.0,8.0,1.0,2:+0.05 3:+0.04 4:+0.02 5:+0.01 6:+0.11 7:+0.12 8:+0.27 9:+0.06,,2e-05,-0.00034,0.00041,0.93257,отбросить,"эффект +2,2 % меньше шума слота ±11,4 %, ΔWAPE +0,00 п. п. не отличим от 0"
fc_first_snow,погода,bin,"первый снег после ≥ 14 дней без снега (прогноз, сутки t+h)",1,98518,0.0,,,,,,,,,,,,,,,,,отбросить,нет данных за период
fc_precip_last3h,погода,num,"осадки за t−2…t (прогноз), мм",1,98518,,-0.07864,-0.12891,-0.02361,0.01413,-0.02265,0.001,0.00147,5.0,8.0,0.0,2:+0.05 3:-0.07 4:-0.13 5:+0.02 6:-0.07 7:+0.01 8:-0.26 9:-0.21,,0.00057,-8e-05,0.00128,0.10928,отбросить,"эффект -2,3 % меньше шума слота ±11,4 %, ΔWAPE +0,06 п. п. не отличим от 0"
is_holiday,календарь,bin,праздник / нерабочий будний (сутки t+h),1,98518,7.0,-0.19637,-0.34382,-0.02991,0.01229,-0.17829,0.001,0.00147,1.0,1.0,,5:-0.23,,0.00166,-0.00016,0.00406,0.1304,проверить в абляции,"значим и ≥ шума, стабильность не проверить: всего 7 дн."
days_to_holiday,календарь,num,"дней до праздника (1…7, 8 — дальше)",1,95564,,-0.02162,-0.06858,0.02521,-0.02958,-0.00074,0.66633,0.71375,3.0,8.0,0.0,2:-0.04 3:+0.02 4:+0.11 5:+0.08 6:-0.13 7:-0.13 8:+0.02 9:+0.21,,,,,,отбросить,"не значим (p_BH = 0,71)"
days_after_holiday,календарь,num,"дней после праздника (1…7, 8 — дальше)",1,95564,,-0.00035,-0.04786,0.04634,-0.0242,-0.00058,0.14885,0.18606,2.0,8.0,0.0,2:+0.15 3:-0.06 4:+0.07 5:+0.03 6:+0.11 7:-0.12 8:+0.02 9:+0.20,,,,,,отбросить,"не значим (p_BH = 0,19)"
is_shortened,календарь,bin,сокращённый день (сутки t+h),1,98518,3.0,0.03227,-0.75831,0.0799,-0.00151,0.03279,0.03097,0.04154,0.0,0.0,,,,-1e-05,-0.0002,8e-05,0.88936,отбросить,"эффект +3,3 % меньше шума слота ±11,4 %, ΔWAPE -0,00 п. п. не отличим от 0"
is_school,календарь,bin,учебный период школ (сутки t+h),1,98518,127.0,0.03936,0.02762,0.051,0.03799,0.04014,0.48551,0.56217,2.0,3.0,,3:-0.02 4:+0.01 5:+0.02,,,,,,отбросить,"не значим (p_BH = 0,56)"
plan_pairs,календарь,num,плановая парность на t+h,1,98518,,0.08774,0.04561,0.13321,0.0879,-0.00757,0.63836,0.7044,6.0,8.0,1.0,2:+0.02 3:-0.09 4:+0.07 5:+0.04 6:-0.02 7:+0.02 8:+0.02 9:+0.06,,,,,,отбросить,"не значим (p_BH = 0,70)"
r_yday_same_hour,свои,num,r того же часа вчера (t+h−24),1,98238,,0.37042,0.32666,0.40923,0.25119,0.11282,0.001,0.00147,8.0,8.0,1.0,2:+0.13 3:+0.19 4:+0.31 5:+0.19 6:+0.31 7:+0.28 8:+0.38 9:+0.53,,0.00664,0.00519,0.00801,0.0,проверить в абляции,"эффект +11,3 % меньше шума ±11,4 %, но ΔWAPE +0,66 п. п. (ДИ выше нуля)"
r_week_same_hour,свои,num,r того же часа неделю назад (t+h−168),1,98348,,0.24113,0.19891,0.28547,0.26017,0.07693,0.25275,0.3022,7.0,8.0,1.0,2:+0.12 3:+0.06 4:-0.07 5:+0.12 6:+0.17 7:+0.17 8:+0.18 9:+0.46,,,,,,отбросить,"не значим (p_BH = 0,30)"
cum_ratio_yday,свои,num,Σy/Σb вчерашних суток,1,98518,,0.34609,0.29081,0.39424,0.22961,0.10664,0.001,0.00147,8.0,8.0,1.0,2:+0.10 3:+0.09 4:+0.29 5:+0.14 6:+0.21 7:+0.17 8:+0.39 9:+0.34,,0.00545,0.00392,0.00694,0.0001,проверить в абляции,"эффект +10,7 % меньше шума ±11,4 %, но ΔWAPE +0,55 п. п. (ДИ выше нуля)"
ewm_r_line_2h,свои,num,"сглаженное r линии, полупериод 2 ч",1,98518,,0.49267,0.45745,0.52321,0.19902,0.16234,0.001,0.00147,8.0,8.0,1.0,2:+0.40 3:+0.35 4:+0.44 5:+0.36 6:+0.42 7:+0.37 8:+0.60 9:+0.32,,0.009,0.00615,0.01185,1e-05,брать,"значим, стабилен, ΔWAPE +0,90 п. п. (ДИ выше нуля)"
event_day,свои,bin,сутки t+h — день события (events_spb),1,98518,5.0,-0.00448,-0.06911,0.05855,0.00242,-0.00447,0.64036,0.7044,1.0,1.0,,5:-0.03,,,,,,отбросить,"не значим (p_BH = 0,70)"
night_ahead,свои,bin,впереди особая ночь (сутки t+h),1,98518,2.0,-0.00525,-0.81784,0.0525,-0.00489,-0.00524,0.98402,0.98801,0.0,0.0,,,,,,,,отбросить,"не значим (p_BH = 0,99)"
shortened_14_16,свои,bin,"сокращённый день, 14–16 ч (вечерний пик раньше)",1,98518,3.0,0.19435,-0.28722,0.22858,-0.00623,0.21452,0.001,0.00147,0.0,0.0,,,,0.00032,5e-05,0.0008,0.10329,проверить в абляции,"значим и ≥ шума, стабильность не проверить: всего 3 дн."
shortened_17_19,свои,bin,"сокращённый день, 17–19 ч (вечерний пик раньше)",1,98518,3.0,-0.07829,-0.75831,-0.05949,-0.00638,-0.07531,0.001,0.00147,0.0,0.0,,,,0.0001,-2e-05,0.00029,0.21894,отбросить,"эффект -7,5 % меньше шума слота ±11,4 %, ΔWAPE +0,01 п. п. не отличим от 0"
night_ahead_late,свои,bin,"впереди особая ночь, 23–00 ч",1,98518,2.0,0.50519,-0.22614,0.86478,0.09935,0.6573,0.00999,0.01391,0.0,0.0,,,,3e-05,1e-05,5e-05,0.0748,проверить в абляции,"значим и ≥ шума, стабильность не проверить: всего 2 дн."
noise_control,контроль,num,случайный шум — контроль процедуры,1,98518,,-0.00402,-0.00975,0.002,-0.00407,-0.00086,0.98801,0.98801,3.0,8.0,0.0,2:+0.01 3:+0.00 4:+0.00 5:+0.01 6:-0.01 7:-0.02 8:-0.01 9:+0.01,,,,,,отбросить,"не значим (p_BH = 0,99)"
d1_abs,динамика,num,"прирост за 1 ч, входов",2,87520,,0.04638,0.02947,0.06359,0.01949,0.00925,0.001,0.00147,7.0,8.0,1.0,2:+0.05 3:-0.01 4:+0.04 5:+0.06 6:+0.03 7:+0.06 8:+0.02 9:+0.13,,0.00032,5e-05,0.00057,0.27134,проверить в абляции,"эффект +0,9 % меньше шума ±11,4 %, но ΔWAPE +0,03 п. п. (ДИ выше нуля)"
d1_pct,динамика,num,"прирост за 1 ч, %",2,87520,,0.05593,0.0421,0.07084,0.0223,0.01343,0.001,0.00147,8.0,8.0,1.0,2:+0.04 3:+0.02 4:+0.05 5:+0.05 6:+0.07 7:+0.09 8:+0.02 9:+0.13,,0.0004,0.00015,0.00065,0.14745,проверить в абляции,"эффект +1,3 % меньше шума ±11,4 %, но ΔWAPE +0,04 п. п. (ДИ выше нуля)"
d2_abs,динамика,num,"прирост за 2 ч, входов",2,82161,,0.05691,0.04035,0.07434,0.0245,0.01423,0.001,0.00147,7.0,8.0,1.0,2:+0.07 3:-0.00 4:+0.03 5:+0.06 6:+0.05 7:+0.09 8:+0.01 9:+0.16,d2_pct,,,,,отбросить,"дубль d2_pct (Спирмен > 0,95)"
d2_pct,динамика,num,"прирост за 2 ч, %",2,82161,,0.06758,0.05088,0.08387,0.02743,0.01669,0.001,0.00147,8.0,8.0,1.0,2:+0.07 3:+0.02 4:+0.04 5:+0.06 6:+0.09 7:+0.12 8:+0.02 9:+0.15,,0.00026,6e-05,0.00045,0.18793,проверить в абляции,"эффект +1,7 % меньше шума ±11,4 %, но ΔWAPE +0,03 п. п. (ДИ выше нуля)"
d3_abs,динамика,num,"прирост за 3 ч, входов",2,76802,,0.06181,0.04601,0.07918,0.02259,0.01476,0.001,0.00147,8.0,8.0,1.0,2:+0.10 3:+0.01 4:+0.03 5:+0.08 6:+0.06 7:+0.11 8:+0.01 9:+0.14,d3_pct,,,,,отбросить,"дубль d3_pct (Спирмен > 0,95)"
d3_pct,динамика,num,"прирост за 3 ч, %",2,76802,,0.06712,0.04887,0.08552,0.02148,0.01658,0.001,0.00147,8.0,8.0,1.0,2:+0.08 3:+0.03 4:+0.02 5:+0.06 6:+0.10 7:+0.14 8:+0.01 9:+0.14,,0.0003,0.00011,0.00047,0.09624,проверить в абляции,"эффект +1,7 % меньше шума ±11,4 %, но ΔWAPE +0,03 п. п. (ДИ выше нуля)"
accel,динамика,num,ускорение y(t) − 2y(t−1) + y(t−2),2,82161,,0.02548,0.01346,0.03685,0.01557,0.00536,0.001,0.00147,6.0,8.0,1.0,2:-0.02 3:-0.01 4:+0.04 5:+0.05 6:+0.05 7:+0.00 8:+0.02 9:+0.02,,-4e-05,-0.00011,4e-05,0.38992,отбросить,"эффект +0,5 % меньше шума слота ±11,4 %, ΔWAPE -0,00 п. п. не отличим от 0"
excess_d1,динамика,num,"прирост против обычного за 1 ч, входов",2,87520,,0.12429,0.11049,0.13867,0.05596,0.0321,0.001,0.00147,8.0,8.0,1.0,2:+0.10 3:+0.08 4:+0.08 5:+0.15 6:+0.14 7:+0.12 8:+0.10 9:+0.21,,0.00084,0.00066,0.00103,0.0,проверить в абляции,"эффект +3,2 % меньше шума ±11,4 %, но ΔWAPE +0,08 п. п. (ДИ выше нуля)"
excess_d1_rel,динамика,num,прирост против обычного за 1 ч / b(t),2,87520,,0.12496,0.11145,0.13911,0.05359,0.03484,0.001,0.00147,8.0,8.0,1.0,2:+0.09 3:+0.08 4:+0.09 5:+0.16 6:+0.14 7:+0.11 8:+0.11 9:+0.21,,0.00068,0.00055,0.00082,0.0,проверить в абляции,"эффект +3,5 % меньше шума ±11,4 %, но ΔWAPE +0,07 п. п. (ДИ выше нуля)"
excess_d2,динамика,num,"прирост против обычного за 2 ч, входов",2,82161,,0.16537,0.15096,0.17847,0.078,0.04637,0.001,0.00147,8.0,8.0,1.0,2:+0.12 3:+0.11 4:+0.12 5:+0.17 6:+0.16 7:+0.18 8:+0.15 9:+0.27,,0.00123,0.00098,0.00146,0.0,проверить в абляции,"эффект +4,6 % меньше шума ±11,4 %, но ΔWAPE +0,12 п. п. (ДИ выше нуля)"
excess_d2_rel,динамика,num,прирост против обычного за 2 ч / b(t),2,82161,,0.16833,0.15372,0.18184,0.07623,0.05116,0.001,0.00147,8.0,8.0,1.0,2:+0.12 3:+0.12 4:+0.13 5:+0.18 6:+0.16 7:+0.18 8:+0.16 9:+0.27,,0.00109,0.00089,0.00127,0.0,проверить в абляции,"эффект +5,1 % меньше шума ±11,4 %, но ΔWAPE +0,11 п. п. (ДИ выше нуля)"
excess_d3,динамика,num,"прирост против обычного за 3 ч, входов",2,76802,,0.19288,0.17846,0.2065,0.08684,0.05738,0.001,0.00147,8.0,8.0,1.0,2:+0.15 3:+0.13 4:+0.16 5:+0.20 6:+0.20 7:+0.21 8:+0.20 9:+0.27,,0.00162,0.00132,0.0019,0.0,проверить в абляции,"эффект +5,7 % меньше шума ±11,4 %, но ΔWAPE +0,16 п. п. (ДИ выше нуля)"
excess_d3_rel,динамика,num,прирост против обычного за 3 ч / b(t),2,76802,,0.19676,0.18203,0.21054,0.08613,0.06386,0.001,0.00147,8.0,8.0,1.0,2:+0.15 3:+0.14 4:+0.17 5:+0.21 6:+0.20 7:+0.21 8:+0.21 9:+0.27,,0.00157,0.00132,0.0018,0.0,проверить в абляции,"эффект +6,4 % меньше шума ±11,4 %, но ΔWAPE +0,16 п. п. (ДИ выше нуля)"
r,динамика,num,отклонение r(t) = y / b,2,87776,,0.49539,0.46395,0.52585,0.2107,0.16716,0.001,0.00147,8.0,8.0,1.0,2:+0.38 3:+0.30 4:+0.38 5:+0.40 6:+0.45 7:+0.42 8:+0.58 9:+0.51,,0.01052,0.00806,0.01278,0.0,брать,"значим, стабилен, ΔWAPE +1,05 п. п. (ДИ выше нуля)"
dr1,динамика,num,изменение r за 1 ч,2,82417,,0.10679,0.09614,0.11733,0.04172,0.02928,0.001,0.00147,8.0,8.0,1.0,2:+0.06 3:+0.07 4:+0.09 5:+0.14 6:+0.13 7:+0.11 8:+0.08 9:+0.17,excess_d1_rel,,,,,отбросить,"дубль excess_d1_rel (Спирмен > 0,95)"
dr2,динамика,num,изменение r за 2 ч,2,77058,,0.14177,0.12928,0.15335,0.05453,0.04307,0.001,0.00147,8.0,8.0,1.0,2:+0.08 3:+0.11 4:+0.13 5:+0.17 6:+0.17 7:+0.16 8:+0.12 9:+0.21,,0.00058,0.00042,0.00073,1e-05,проверить в абляции,"эффект +4,3 % меньше шума ±11,4 %, но ΔWAPE +0,06 п. п. (ДИ выше нуля)"
dr3,динамика,num,изменение r за 3 ч,2,71699,,0.16748,0.15326,0.18082,0.06434,0.05225,0.001,0.00147,8.0,8.0,1.0,2:+0.08 3:+0.12 4:+0.17 5:+0.19 6:+0.21 7:+0.20 8:+0.16 9:+0.22,,0.00088,0.00068,0.00107,0.0,проверить в абляции,"эффект +5,2 % меньше шума ±11,4 %, но ΔWAPE +0,09 п. п. (ДИ выше нуля)"
accel_r,динамика,num,ускорение r,2,77058,,0.02565,0.01769,0.03334,0.00795,0.00628,0.001,0.00147,7.0,8.0,1.0,2:+0.01 3:-0.00 4:+0.03 5:+0.04 6:+0.05 7:+0.02 8:+0.01 9:+0.04,,2e-05,-2e-05,5e-05,0.4173,отбросить,"эффект +0,6 % меньше шума слота ±11,4 %, ΔWAPE +0,00 п. п. не отличим от 0"
ewm_r_2h,динамика,num,"сглаженное r, полупериод 2 ч",2,98518,,0.46038,0.43004,0.48981,0.19831,0.15365,0.001,0.00147,8.0,8.0,1.0,2:+0.35 3:+0.26 4:+0.37 5:+0.33 6:+0.39 7:+0.37 8:+0.57 9:+0.39,,0.00919,0.00679,0.01159,0.0,брать,"значим, стабилен, ΔWAPE +0,92 п. п. (ДИ выше нуля)"
ewm_r_6h,динамика,num,"сглаженное r, полупериод 6 ч",2,98518,,0.45066,0.41809,0.48293,0.20494,0.14597,0.001,0.00147,8.0,8.0,1.0,2:+0.32 3:+0.24 4:+0.37 5:+0.31 6:+0.36 7:+0.32 8:+0.56 9:+0.39,,0.00856,0.00608,0.01098,1e-05,брать,"значим, стабилен, ΔWAPE +0,86 п. п. (ДИ выше нуля)"
cum_ratio,динамика,num,Σy/Σb с открытия,2,98194,,0.43186,0.39731,0.46559,0.20176,0.14428,0.001,0.00147,8.0,8.0,1.0,2:+0.34 3:+0.24 4:+0.30 5:+0.30 6:+0.37 7:+0.29 8:+0.56 9:+0.30,,0.00949,0.00714,0.01185,0.0,брать,"значим, стабилен, ΔWAPE +0,95 п. п. (ДИ выше нуля)"
vol_r_3h,динамика,num,std r за 3 ч,2,77058,,0.07987,0.0528,0.10614,0.04775,0.02519,0.001,0.00147,6.0,8.0,1.0,2:+0.01 3:+0.05 4:-0.01 5:-0.02 6:+0.05 7:+0.11 8:+0.06 9:+0.18,,3e-05,-7e-05,0.00012,0.67037,отбросить,"эффект +2,5 % меньше шума слота ±11,4 %, ΔWAPE +0,00 п. п. не отличим от 0"
vol_r_6h,динамика,num,std r за 6 ч,2,71699,,0.08949,0.05121,0.12688,0.04874,0.03198,0.001,0.00147,6.0,8.0,1.0,2:+0.03 3:+0.08 4:-0.03 5:-0.05 6:+0.04 7:+0.14 8:+0.08 9:+0.20,,-0.00014,-0.00029,0.0,0.18691,отбросить,"эффект +3,2 % меньше шума слота ±11,4 %, ΔWAPE -0,01 п. п. не отличим от 0"
ratio_24,динамика,num,y(t) / y(t−24),2,92781,,0.06421,0.00841,0.11447,0.01763,0.01113,0.001,0.00147,5.0,8.0,0.0,2:-0.03 3:-0.09 4:+0.13 5:+0.12 6:+0.10 7:-0.04 8:+0.17 9:+0.08,,-9e-05,-0.00039,0.0002,0.52198,отбросить,"эффект +1,1 % меньше шума слота ±11,4 %, ΔWAPE -0,01 п. п. не отличим от 0"
ratio_168,динамика,num,y(t) / y(t−168),2,92781,,0.32493,0.28644,0.36301,0.07963,0.10135,0.001,0.00147,8.0,8.0,1.0,2:+0.28 3:+0.22 4:+0.34 5:+0.27 6:+0.34 7:+0.26 8:+0.45 9:+0.27,,0.00474,0.00307,0.00634,0.0,проверить в абляции,"эффект +10,1 % меньше шума ±11,4 %, но ΔWAPE +0,47 п. п. (ДИ выше нуля)"
r_line,кросс,num,r всей линии,2,87778,,0.49711,0.46101,0.53215,0.20371,0.16678,0.001,0.00147,8.0,8.0,1.0,2:+0.42 3:+0.34 4:+0.42 5:+0.34 6:+0.43 7:+0.39 8:+0.61 9:+0.37,,0.00885,0.00609,0.01152,1e-05,брать,"значим, стабилен, ΔWAPE +0,89 п. п. (ДИ выше нуля)"
r_neighbors,кросс,num,r соседних станций (±2),2,87778,,0.46159,0.42708,0.49458,0.19132,0.15597,0.001,0.00147,8.0,8.0,1.0,2:+0.38 3:+0.30 4:+0.39 5:+0.32 6:+0.41 7:+0.34 8:+0.55 9:+0.36,,0.00825,0.00571,0.01068,1e-05,брать,"значим, стабилен, ΔWAPE +0,82 п. п. (ДИ выше нуля)"
r_twin,кросс,num,r второго вестибюля станции,2,36757,,0.34968,0.31813,0.37882,0.13607,0.11499,0.001,0.00147,8.0,8.0,1.0,2:+0.28 3:+0.24 4:+0.34 5:+0.26 6:+0.26 7:+0.27 8:+0.47 9:+0.32,,0.00176,0.00115,0.00234,5e-05,брать,"значим, стабилен, ΔWAPE +0,18 п. п. (ДИ выше нуля)"
share_dev,кросс,num,доля вестибюля в линии к обычной (r / r_line),2,87776,,0.1983,0.18138,0.21445,0.09503,0.06053,0.001,0.00147,8.0,8.0,1.0,2:+0.13 3:+0.09 4:+0.15 5:+0.23 6:+0.21 7:+0.20 8:+0.22 9:+0.31,,0.00167,0.00141,0.00195,0.0,проверить в абляции,"эффект +6,1 % меньше шума ±11,4 %, но ΔWAPE +0,17 п. п. (ДИ выше нуля)"
fc_precip,погода,bin,"осадки ≥ 0,5 мм/ч на t+h (прогноз)",2,98518,61.0,-0.04483,-0.07689,-0.01691,0.00053,-0.04384,0.001,0.00147,7.0,8.0,1.0,2:+0.03 3:-0.03 4:-0.10 5:-0.01 6:-0.08 7:-0.07 8:-0.08 9:-0.03,,0.00048,-0.0,0.00104,0.10116,отбросить,"эффект -4,4 % меньше шума слота ±11,4 %, ΔWAPE +0,05 п. п. не отличим от 0"
fc_snow,погода,bin,снег на t+h (прогноз),2,98518,8.0,0.05001,0.02492,0.08262,0.03329,0.05128,0.10689,0.13672,1.0,1.0,,2:+0.02,,,,,,отбросить,"не значим (p_BH = 0,14)"
fc_temp_bin0,погода,bin,температура < −15 °C на t+h (прогноз),2,98518,2.0,0.05457,-0.64342,0.07381,0.00611,0.05608,0.57343,0.64701,0.0,0.0,,,,,,,,отбросить,"не значим (p_BH = 0,65)"
fc_temp_bin1,погода,bin,температура −15…−5 °C на t+h (прогноз),2,98518,17.0,0.03466,0.02639,0.04469,0.03371,0.03526,0.72827,0.74869,0.0,1.0,,2:-0.00,,,,,,отбросить,"не значим (p_BH = 0,75)"
fc_temp_bin2,погода,bin,температура −5…+5 °C на t+h (прогноз),2,98518,60.0,0.01112,0.0011,0.02234,0.01902,0.01118,0.00999,0.01391,0.0,3.0,,2:-0.00 3:-0.01 4:-0.01,,-0.00015,-0.00038,9e-05,0.46206,отбросить,"эффект +1,1 % меньше шума слота ±11,4 %, ΔWAPE -0,02 п. п. не отличим от 0"
fc_temp_bin3,погода,bin,температура +5…+15 °C на t+h (прогноз),2,98518,146.0,0.00086,-0.00649,0.00971,0.00598,0.00086,0.07493,0.09812,2.0,7.0,0.0,3:+0.01 4:+0.01 5:-0.02 6:-0.04 7:-0.05 8:-0.00 9:-0.03,,,,,,отбросить,"не значим (p_BH = 0,10)"
fc_temp_bin4,погода,bin,температура +15…+25 °C на t+h (прогноз),2,98518,132.0,-0.01765,-0.02827,-0.00696,-0.02639,-0.0175,0.001,0.00147,0.0,5.0,0.0,5:+0.02 6:+0.03 7:+0.01 8:+0.01 9:+0.03,,-0.00019,-0.00085,0.00047,0.77956,отбросить,"эффект -1,8 % меньше шума слота ±11,4 %, ΔWAPE -0,02 п. п. не отличим от 0"
fc_temp_bin5,погода,bin,температура > +25 °C на t+h (прогноз),2,98518,18.0,-0.0247,-0.05198,0.00304,-0.0359,-0.0244,0.20979,0.25641,1.0,3.0,,6:+0.01 7:+0.02 8:-0.02,,,,,,отбросить,"не значим (p_BH = 0,26)"
fc_temp_drop24,погода,num,"T(t+h) − T(t+h−24), прогноз",2,98518,,0.07459,0.01164,0.13144,-0.0063,0.02176,0.001,0.00147,8.0,8.0,1.0,2:+0.05 3:+0.04 4:+0.02 5:+0.01 6:+0.11 7:+0.12 8:+0.27 9:+0.06,,2e-05,-0.00034,0.00041,0.93257,отбросить,"эффект +2,2 % меньше шума слота ±11,4 %, ΔWAPE +0,00 п. п. не отличим от 0"
fc_first_snow,погода,bin,"первый снег после ≥ 14 дней без снега (прогноз, сутки t+h)",2,98518,0.0,,,,,,,,,,,,,,,,,отбросить,нет данных за период
fc_precip_last3h,погода,num,"осадки за t−2…t (прогноз), мм",2,98518,,-0.08519,-0.13523,-0.03376,0.01103,-0.02264,0.001,0.00147,7.0,8.0,1.0,2:+0.05 3:-0.09 4:-0.12 5:-0.00 6:-0.15 7:-0.05 8:-0.24 9:-0.13,,0.00053,-9e-05,0.00124,0.11084,отбросить,"эффект -2,3 % меньше шума слота ±11,4 %, ΔWAPE +0,05 п. п. не отличим от 0"
is_holiday,календарь,bin,праздник / нерабочий будний (сутки t+h),2,98518,7.0,-0.19637,-0.34036,-0.02781,0.01307,-0.17829,0.001,0.00147,1.0,1.0,,5:-0.23,,0.00166,-0.00016,0.00406,0.1304,проверить в абляции,"значим и ≥ шума, стабильность не проверить: всего 7 дн."
days_to_holiday,календарь,num,"дней до праздника (1…7, 8 — дальше)",2,95564,,-0.02162,-0.07137,0.0268,-0.02832,-0.00074,0.71728,0.74746,3.0,8.0,0.0,2:-0.04 3:+0.02 4:+0.11 5:+0.08 6:-0.13 7:-0.13 8:+0.02 9:+0.21,,,,,,отбросить,"не значим (p_BH = 0,75)"
days_after_holiday,календарь,num,"дней после праздника (1…7, 8 — дальше)",2,95564,,-0.00035,-0.05088,0.04694,-0.02357,-0.00058,0.15884,0.19632,2.0,8.0,0.0,2:+0.15 3:-0.06 4:+0.07 5:+0.03 6:+0.11 7:-0.12 8:+0.02 9:+0.20,,,,,,отбросить,"не значим (p_BH = 0,20)"
is_shortened,календарь,bin,сокращённый день (сутки t+h),2,98518,3.0,0.03227,-0.7577,0.0797,-0.00066,0.03279,0.01998,0.02713,0.0,0.0,,,,-1e-05,-0.0002,8e-05,0.88936,отбросить,"эффект +3,3 % меньше шума слота ±11,4 %, ΔWAPE -0,00 п. п. не отличим от 0"
is_school,календарь,bin,учебный период школ (сутки t+h),2,98518,127.0,0.03936,0.02843,0.05059,0.03794,0.04014,0.47153,0.55179,2.0,3.0,,3:-0.02 4:+0.01 5:+0.02,,,,,,отбросить,"не значим (p_BH = 0,55)"
plan_pairs,календарь,num,плановая парность на t+h,2,98518,,0.08774,0.04545,0.13208,0.08789,-0.00757,0.66833,0.71375,6.0,8.0,1.0,2:+0.02 3:-0.09 4:+0.07 5:+0.04 6:-0.02 7:+0.02 8:+0.02 9:+0.06,,,,,,отбросить,"не значим (p_BH = 0,71)"
r_yday_same_hour,свои,num,r того же часа вчера (t+h−24),2,98238,,0.37042,0.32634,0.41148,0.25198,0.11282,0.001,0.00147,8.0,8.0,1.0,2:+0.13 3:+0.19 4:+0.31 5:+0.19 6:+0.31 7:+0.28 8:+0.38 9:+0.53,,0.00664,0.00519,0.00801,0.0,проверить в абляции,"эффект +11,3 % меньше шума ±11,4 %, но ΔWAPE +0,66 п. п. (ДИ выше нуля)"
r_week_same_hour,свои,num,r того же часа неделю назад (t+h−168),2,98348,,0.24113,0.19753,0.28595,0.26052,0.07693,0.27772,0.32849,7.0,8.0,1.0,2:+0.12 3:+0.06 4:-0.07 5:+0.12 6:+0.17 7:+0.17 8:+0.18 9:+0.46,,,,,,отбросить,"не значим (p_BH = 0,33)"
cum_ratio_yday,свои,num,Σy/Σb вчерашних суток,2,98518,,0.34609,0.29136,0.39523,0.23102,0.10664,0.001,0.00147,8.0,8.0,1.0,2:+0.10 3:+0.09 4:+0.29 5:+0.14 6:+0.21 7:+0.17 8:+0.39 9:+0.34,,0.00545,0.00392,0.00694,0.0001,проверить в абляции,"эффект +10,7 % меньше шума ±11,4 %, но ΔWAPE +0,55 п. п. (ДИ выше нуля)"
ewm_r_line_2h,свои,num,"сглаженное r линии, полупериод 2 ч",2,98518,,0.41727,0.37964,0.45577,0.16418,0.13557,0.001,0.00147,8.0,8.0,1.0,2:+0.32 3:+0.27 4:+0.37 5:+0.27 6:+0.30 7:+0.29 8:+0.55 9:+0.16,,0.00653,0.00396,0.00922,0.00119,брать,"значим, стабилен, ΔWAPE +0,65 п. п. (ДИ выше нуля)"
event_day,свои,bin,сутки t+h — день события (events_spb),2,98518,5.0,-0.00448,-0.06931,0.06615,0.00215,-0.00447,0.66733,0.71375,1.0,1.0,,5:-0.03,,,,,,отбросить,"не значим (p_BH = 0,71)"
night_ahead,свои,bin,впереди особая ночь (сутки t+h),2,98518,2.0,-0.00525,-0.81763,0.05264,-0.00419,-0.00524,0.95005,0.96764,0.0,0.0,,,,,,,,отбросить,"не значим (p_BH = 0,97)"
shortened_14_16,свои,bin,"сокращённый день, 14–16 ч (вечерний пик раньше)",2,98518,3.0,0.19435,-0.28662,0.22792,-0.00612,0.21452,0.001,0.00147,0.0,0.0,,,,0.00032,5e-05,0.0008,0.10329,проверить в абляции,"значим и ≥ шума, стабильность не проверить: всего 3 дн."
shortened_17_19,свои,bin,"сокращённый день, 17–19 ч (вечерний пик раньше)",2,98518,3.0,-0.07829,-0.7577,-0.05976,-0.00531,-0.07531,0.001,0.00147,0.0,0.0,,,,0.0001,-2e-05,0.00029,0.21894,отбросить,"эффект -7,5 % меньше шума слота ±11,4 %, ΔWAPE +0,01 п. п. не отличим от 0"
night_ahead_late,свои,bin,"впереди особая ночь, 23–00 ч",2,98518,2.0,0.50519,-0.22594,0.86483,0.09567,0.6573,0.01099,0.01511,0.0,0.0,,,,3e-05,1e-05,5e-05,0.0748,проверить в абляции,"значим и ≥ шума, стабильность не проверить: всего 2 дн."
noise_control,контроль,num,случайный шум — контроль процедуры,2,98518,,0.00072,-0.00498,0.00701,0.0023,0.00052,0.55145,0.63187,5.0,8.0,0.0,2:+0.00 3:-0.00 4:-0.00 5:-0.00 6:+0.01 7:+0.00 8:+0.00 9:+0.00,,,,,,отбросить,"не значим (p_BH = 0,63)"
