slice,key,rows,anomalies,anomaly_rate,precision_early,median_detect_min,recall_15,recall_30,recall_45,recall_60,period
направление,всплеск,14802,1224,0.082692,0.415531,30.0,0.47549,0.702614,0.825163,0.948529,фев + май + июль
направление,провал,17341,933,0.053803,0.370192,30.0,0.369775,0.595927,0.743837,0.879957,фев + май + июль
период суток,06 ч,1747,65,0.037207,0.136842,15.0,0.538462,0.769231,0.861538,0.984615,фев + май + июль
период суток,вечер 16–19,6991,454,0.064941,0.429379,30.0,0.433921,0.685022,0.837004,0.971366,фев + май + июль
период суток,день 10–15,10484,523,0.049886,0.444083,30.0,0.34608,0.608031,0.783939,0.952199,фев + май + июль
период суток,поздно 20–00,7720,667,0.086399,0.494231,30.0,0.46027,0.667166,0.770615,0.865067,фев + май + июль
период суток,утро 07–09,5201,448,0.086137,0.322399,30.0,0.462054,0.651786,0.767857,0.897321,фев + май + июль
группа,Прочие,8472,646,0.076251,0.424936,30.0,0.394737,0.611455,0.775542,0.927245,фев + май + июль
группа,Спальные конечные,12373,839,0.067809,0.390415,30.0,0.464839,0.682956,0.796186,0.902265,фев + май + июль
группа,Центр и вокзалы,11298,672,0.05948,0.377762,30.0,0.419643,0.666667,0.796131,0.931548,фев + май + июль
вокзалы,вокзалы,9706,699,0.072017,0.404407,30.0,0.450644,0.688126,0.816881,0.942775,фев + май + июль
вокзалы,остальные,22437,1458,0.064982,0.391545,30.0,0.419753,0.641289,0.777092,0.907407,фев + май + июль
направление,всплеск,7584,2091,0.275712,0.757672,15.0,0.610234,0.822573,0.910091,0.974653,сентябрь
направление,провал,4249,298,0.070134,0.492441,30.0,0.40604,0.651007,0.768456,0.869128,сентябрь
период суток,06 ч,643,55,0.085537,0.30137,30.0,0.454545,0.654545,0.8,0.981818,сентябрь
период суток,вечер 16–19,2576,558,0.216615,0.749616,15.0,0.564516,0.784946,0.874552,0.964158,сентябрь
период суток,день 10–15,3862,681,0.176334,0.737606,15.0,0.563877,0.784141,0.89721,0.979442,сентябрь
период суток,поздно 20–00,2820,245,0.086879,0.538235,30.0,0.420408,0.685714,0.746939,0.820408,сентябрь
период суток,утро 07–09,1932,850,0.439959,0.797619,15.0,0.670588,0.868235,0.948235,0.984706,сентябрь
группа,Прочие,3126,898,0.287268,0.790743,15.0,0.597996,0.82294,0.91314,0.973274,сентябрь
группа,Спальные конечные,4539,715,0.157524,0.67756,15.0,0.584615,0.788811,0.86993,0.937063,сентябрь
группа,Центр и вокзалы,4168,776,0.18618,0.675516,15.0,0.569588,0.787371,0.889175,0.970361,сентябрь
вокзалы,вокзалы,3580,633,0.176816,0.681373,15.0,0.559242,0.766193,0.881517,0.958926,сентябрь
вокзалы,остальные,8253,1756,0.212771,0.729592,15.0,0.593964,0.813781,0.896355,0.962415,сентябрь
