kind,day3,hour,U,max_share,phi
вокзалы,воскресенье,0,0.512158,0.746347,3.09029
вокзалы,воскресенье,5,0.482934,0.544744,3.660107
вокзалы,воскресенье,6,0.077027,0.310712,7.464896
вокзалы,воскресенье,7,0.051642,0.292671,4.126073
вокзалы,воскресенье,8,0.061976,0.297272,5.065972
вокзалы,воскресенье,9,0.054002,0.295059,6.871063
вокзалы,воскресенье,10,0.043162,0.286133,7.224485
вокзалы,воскресенье,11,0.048537,0.28436,7.067255
вокзалы,воскресенье,12,0.06675,0.293473,5.316534
вокзалы,воскресенье,13,0.06412,0.299128,5.418581
вокзалы,воскресенье,14,0.090161,0.331411,6.466321
вокзалы,воскресенье,15,0.0637,0.301425,7.143491
вокзалы,воскресенье,16,0.069709,0.309174,7.227816
вокзалы,воскресенье,17,0.062916,0.303418,10.021396
вокзалы,воскресенье,18,0.084366,0.308933,10.354955
вокзалы,воскресенье,19,0.051935,0.294453,13.441586
вокзалы,воскресенье,20,0.078549,0.32039,8.761562
вокзалы,воскресенье,21,0.067585,0.307222,22.650173
вокзалы,воскресенье,22,0.104223,0.343248,20.671255
вокзалы,воскресенье,23,0.13935,0.36974,22.150582
вокзалы,рабочий,0,0.497875,0.717248,2.879026
вокзалы,рабочий,5,0.484511,0.525615,7.617133
вокзалы,рабочий,6,0.09951,0.333786,4.890375
вокзалы,рабочий,7,0.089646,0.326828,7.548242
вокзалы,рабочий,8,0.072297,0.299917,7.641554
вокзалы,рабочий,9,0.07641,0.305819,14.177425
вокзалы,рабочий,10,0.055935,0.287415,7.364313
вокзалы,рабочий,11,0.041062,0.27505,5.549526
вокзалы,рабочий,12,0.061243,0.294566,5.96935
вокзалы,рабочий,13,0.022812,0.26878,3.549151
вокзалы,рабочий,14,0.076686,0.321637,5.112019
вокзалы,рабочий,15,0.028786,0.273709,6.343616
вокзалы,рабочий,16,0.043341,0.284708,6.414803
вокзалы,рабочий,17,0.038826,0.277388,10.735866
вокзалы,рабочий,18,0.079983,0.299058,8.810474
вокзалы,рабочий,19,0.057887,0.295593,8.157289
вокзалы,рабочий,20,0.071555,0.308198,6.421121
вокзалы,рабочий,21,0.054983,0.291873,12.505874
вокзалы,рабочий,22,0.101414,0.320947,16.467415
вокзалы,рабочий,23,0.117997,0.352244,14.726451
вокзалы,суббота,0,0.503138,0.736896,2.097648
вокзалы,суббота,5,0.465322,0.530727,26.716961
вокзалы,суббота,6,0.071897,0.303504,5.305497
вокзалы,суббота,7,0.060878,0.305014,4.799003
вокзалы,суббота,8,0.051875,0.287945,5.800412
вокзалы,суббота,9,0.060513,0.296691,6.451473
вокзалы,суббота,10,0.050523,0.286275,6.3451
вокзалы,суббота,11,0.038459,0.276253,5.272954
вокзалы,суббота,12,0.055478,0.289805,4.844936
вокзалы,суббота,13,0.048403,0.290575,5.924788
вокзалы,суббота,14,0.066959,0.309162,6.331418
вокзалы,суббота,15,0.046069,0.286756,5.937959
вокзалы,суббота,16,0.047239,0.284203,7.415907
вокзалы,суббота,17,0.04952,0.296489,6.781986
вокзалы,суббота,18,0.065532,0.300781,6.780155
вокзалы,суббота,19,0.036188,0.284546,14.197088
вокзалы,суббота,20,0.070155,0.311662,12.70441
вокзалы,суббота,21,0.05989,0.297634,16.803288
вокзалы,суббота,22,0.09539,0.330235,19.165154
вокзалы,суббота,23,0.113908,0.348842,18.286294
остальные,воскресенье,0,0.429092,0.638987,1.829891
остальные,воскресенье,5,0.47899,0.547252,1.692096
остальные,воскресенье,6,0.080018,0.310875,2.057201
остальные,воскресенье,7,0.03735,0.283289,1.863125
остальные,воскресенье,8,0.035982,0.279521,2.115157
остальные,воскресенье,9,0.032458,0.275876,2.017138
остальные,воскресенье,10,0.024478,0.267296,2.480208
остальные,воскресенье,11,0.024851,0.269916,2.394722
остальные,воскресенье,12,0.016231,0.262908,2.892991
остальные,воскресенье,13,0.02437,0.26916,2.854534
остальные,воскресенье,14,0.029521,0.2705,2.966122
остальные,воскресенье,15,0.018998,0.265794,3.310094
остальные,воскресенье,16,0.022861,0.266226,3.066558
остальные,воскресенье,17,0.021911,0.266302,2.324286
остальные,воскресенье,18,0.029848,0.269762,2.541568
остальные,воскресенье,19,0.033252,0.27398,2.713207
остальные,воскресенье,20,0.049232,0.283752,3.844975
остальные,воскресенье,21,0.071105,0.297069,3.509812
остальные,воскресенье,22,0.084144,0.30896,3.834264
остальные,воскресенье,23,0.091083,0.313701,2.561409
остальные,рабочий,0,0.414559,0.607665,1.794191
остальные,рабочий,5,0.47681,0.546288,3.614197
остальные,рабочий,6,0.104354,0.340543,3.05324
остальные,рабочий,7,0.068404,0.311644,5.111924
остальные,рабочий,8,0.066308,0.291153,5.881791
остальные,рабочий,9,0.069985,0.297393,4.703765
остальные,рабочий,10,0.045044,0.278941,3.350141
остальные,рабочий,11,0.031512,0.273475,3.349941
остальные,рабочий,12,0.018854,0.264699,3.287659
остальные,рабочий,13,0.023027,0.265402,3.440665
остальные,рабочий,14,0.028597,0.270898,3.498807
остальные,рабочий,15,0.041993,0.282716,5.439468
остальные,рабочий,16,0.040262,0.283094,7.029571
остальные,рабочий,17,0.037495,0.276555,8.142203
остальные,рабочий,18,0.096832,0.310448,5.188222
остальные,рабочий,19,0.06727,0.294097,2.971882
остальные,рабочий,20,0.07044,0.295208,2.792477
остальные,рабочий,21,0.07607,0.29996,4.713479
остальные,рабочий,22,0.094784,0.311594,4.496095
остальные,рабочий,23,0.088573,0.314121,2.519109
остальные,суббота,0,0.454857,0.665167,1.749192
остальные,суббота,5,0.471211,0.544906,5.650728
остальные,суббота,6,0.082637,0.316147,2.729798
остальные,суббота,7,0.055753,0.297376,3.566805
остальные,суббота,8,0.031945,0.276113,2.74051
остальные,суббота,9,0.035992,0.278505,2.371325
остальные,суббота,10,0.027001,0.268519,2.967253
остальные,суббота,11,0.031782,0.273803,3.324891
остальные,суббота,12,0.016021,0.262695,2.995095
остальные,суббота,13,0.024457,0.270134,3.443742
остальные,суббота,14,0.025635,0.268815,3.888698
остальные,суббота,15,0.019675,0.264677,5.040735
остальные,суббота,16,0.021797,0.267225,3.623783
остальные,суббота,17,0.023186,0.266397,4.307692
остальные,суббота,18,0.031037,0.271118,3.578605
остальные,суббота,19,0.033324,0.275133,3.592418
остальные,суббота,20,0.048077,0.28369,4.625325
остальные,суббота,21,0.058565,0.290697,6.055807
остальные,суббота,22,0.076362,0.30427,3.80164
остальные,суббота,23,0.04941,0.28708,2.9858
