slice,key,n_hours,exact_share,sum_15min,sum_hourly,excess,median_rel,within_1pct,within_5pct,mismatch_hours
вся линия,все,54020,0.017438,73955541,73117918,0.011456,0.014323,0.341559,0.846649,29
месяц,2,12712,0.0177,17151099,16956915,0.011452,0.015152,0.325047,0.835274,9
месяц,5,14068,0.01706,19261780,19039077,0.011697,0.014326,0.342977,0.85108,9
месяц,7,14074,0.016697,18693276,18482253,0.011418,0.013989,0.344607,0.854839,3
месяц,9,13166,0.018381,18849386,18639673,0.011251,0.013962,0.352727,0.844144,8
день недели,Понедельник,7264,0.015694,10487497,10359572,0.012348,0.015369,0.327643,0.833012,2
день недели,Вторник,7718,0.014382,11961680,11822971,0.011732,0.015367,0.333247,0.830656,4
день недели,Среда,7718,0.013993,12030109,11889677,0.011811,0.01498,0.33247,0.830785,5
день недели,Четверг,7718,0.014512,11928138,11790777,0.01165,0.015149,0.337782,0.836486,7
день недели,Пятница,8172,0.015051,12544195,12408693,0.01092,0.012966,0.362947,0.866373,6
день недели,Суббота,7712,0.024378,8150199,8072409,0.009637,0.012195,0.370462,0.880835,2
день недели,Воскресенье,7718,0.0241,6853723,6773819,0.011796,0.014728,0.324307,0.846463,3
час,5,2618,0.053094,694209,675424,0.027812,0.028302,0.17838,0.668067,5
час,6,2737,0.013884,2556857,2507668,0.019615,0.024291,0.165144,0.848374,3
час,7,2736,0.001827,5279738,5109454,0.033327,0.039079,0.048977,0.683845,1
час,8,2736,0.012792,6438319,6433982,0.000674,0.006861,0.449927,0.980629,1
час,9,2736,0.017178,4698512,4659667,0.008336,0.011199,0.432018,0.978436,0
час,10,2736,0.015351,3611617,3569532,0.01179,0.013977,0.352339,0.944079,1
час,11,2736,0.016447,3312478,3285494,0.008213,0.010625,0.424708,0.968567,0
час,12,2736,0.012427,3516525,3455895,0.017544,0.016949,0.299342,0.935307,3
час,13,2737,0.018634,3482623,3469821,0.00369,0.006655,0.473877,0.97004,2
час,14,2737,0.013518,3750051,3711871,0.010286,0.010571,0.459993,0.942273,0
час,15,2737,0.010596,4277408,4212822,0.015331,0.015017,0.333577,0.931677,1
час,16,2737,0.022287,5155607,5132030,0.004594,0.005486,0.544392,0.953599,0
час,17,2737,0.018268,6665622,6622689,0.006483,0.007057,0.598831,0.970406,0
час,18,2737,0.012788,6567116,6518490,0.00746,0.009498,0.514066,0.977347,0
час,19,2737,0.008038,4360380,4315595,0.010377,0.012517,0.398977,0.917062,0
час,20,2737,0.013153,3358860,3320991,0.011403,0.014195,0.356595,0.941542,1
час,21,2737,0.019364,2797273,2764662,0.011796,0.015075,0.35221,0.892218,1
час,22,2618,0.017571,1958145,1928699,0.015267,0.023274,0.271963,0.720015,0
час,23,2499,0.003201,1320073,1265056,0.04349,0.058824,0.054422,0.421769,0
час,0,2499,0.051621,154128,158076,-0.024975,0.060606,0.062025,0.179672,10
вестибюль,devyatkino_1,2380,0.022269,2472633,2439790,0.013461,0.020017,0.239916,0.79916,0
вестибюль,devyatkino_2,2380,0.017647,6939097,6886311,0.007665,0.009224,0.435294,0.908403,1
вестибюль,grazhdansky_prospekt_1,2380,0.013025,4204207,4156000,0.011599,0.011484,0.389076,0.897479,4
вестибюль,akademicheskaya_1,2380,0.015126,3915108,3874503,0.01048,0.01009,0.436555,0.926891,3
вестибюль,politekhnicheskaya_1,2380,0.029832,1916690,1892923,0.012556,0.014488,0.339496,0.855042,0
вестибюль,ploshchad_muzhestva_1,2380,0.032353,2348311,2328907,0.008332,0.00995,0.446218,0.895378,4
вестибюль,lesnaya_1,2380,0.023109,3679373,3657524,0.005974,0.007092,0.519328,0.927731,0
вестибюль,vyborgskaya_1,2380,0.026891,2110038,2081060,0.013925,0.018194,0.271008,0.842857,0
вестибюль,ploshchad_lenina_1,2380,0.020588,4151568,4112151,0.009585,0.010138,0.397479,0.877311,0
вестибюль,ploshchad_lenina_2,2142,0.014939,1286700,1259783,0.021366,0.026795,0.201214,0.736228,1
вестибюль,chernyshevskaya_1,2380,0.016387,4323055,4296801,0.00611,0.008647,0.480252,0.89916,2
вестибюль,vosstaniya_1,2374,0.023589,4346524,4321052,0.005895,0.005927,0.53412,0.938079,3
вестибюль,vosstaniya_2,2380,0.021429,4900255,4879069,0.004342,0.004243,0.566807,0.952941,7
вестибюль,vladimirskaya_1,2380,0.015966,2533831,2508352,0.010158,0.010985,0.405882,0.896218,0
вестибюль,pushkinskaya_1,2380,0.027311,2058101,2032891,0.012401,0.014202,0.316807,0.886134,0
вестибюль,baltiyskaya_1,2380,0.015546,5265477,5223020,0.008129,0.009303,0.428571,0.908403,0
вестибюль,narvskaya_1,2380,0.014706,3282189,3250356,0.009794,0.013174,0.343697,0.888655,0
вестибюль,kirovsky_zavod_1,2380,0.007563,2021853,1974229,0.024123,0.028123,0.147059,0.738235,0
вестибюль,avtovo_1,2380,0.013866,2972000,2926712,0.015474,0.017267,0.276471,0.858824,0
вестибюль,leninsky_prospekt_1,2380,0.003782,2791053,2698429,0.034325,0.036155,0.102521,0.65042,0
вестибюль,leninsky_prospekt_2,1904,0.004202,650700,625334,0.040564,0.045635,0.052521,0.571954,0
вестибюль,prospekt_veteranov_1,2380,0.011765,1270595,1234942,0.02887,0.031547,0.118908,0.711345,0
вестибюль,prospekt_veteranov_2,2380,0.006303,4516183,4457779,0.013102,0.014882,0.335294,0.840336,4
