period,label,minute,n,n_days,wape,wape_lo,wape_hi,mae_r,pearson_log,spearman
сентябрь,минута 0: норма b4,0,11833,28,0.117649,0.099715,0.135978,0.139176,,
сентябрь,минута 0: b × r(t),0,11833,28,0.085935,0.077936,0.094117,0.115793,0.583784,0.601596
сентябрь,минута 0: b × уровень × r(t),0,11833,28,0.086338,0.078327,0.094377,0.118038,0.577386,0.602293
сентябрь,15 мин: b4 · r_1,15,11833,28,0.074951,0.071967,0.078488,0.100987,0.681718,0.732722
сентябрь,30 мин: b4 · r_2,30,11833,28,0.043741,0.041697,0.046004,0.060729,0.888717,0.864613
сентябрь,45 мин: b4 · r_3,45,11833,28,0.027041,0.025979,0.028246,0.040196,0.941982,0.926624
сентябрь,60 мин: b4 · r_4,60,11833,28,0.011295,0.011002,0.011619,0.020147,0.972092,0.968429
фев + май + июль,минута 0: норма b4,0,32143,76,0.070198,0.064662,0.076559,0.087633,,
фев + май + июль,минута 0: b × r(t),0,32143,76,0.060383,0.057722,0.063277,0.081216,0.480576,0.512078
фев + май + июль,минута 0: b × уровень × r(t),0,32143,76,0.060471,0.057786,0.063331,0.081376,0.480841,0.514934
фев + май + июль,минута 0: модель t+1 (q50),0,24146,57,0.051538,0.047762,0.056324,0.069309,0.545208,0.585447
фев + май + июль,15 мин: b4 · r_1,15,32143,76,0.079367,0.076709,0.082114,0.0998,0.488198,0.602391
фев + май + июль,30 мин: b4 · r_2,30,32143,76,0.044935,0.0432,0.046658,0.058985,0.792898,0.784613
фев + май + июль,45 мин: b4 · r_3,45,32143,76,0.027617,0.026835,0.028402,0.038421,0.881189,0.885154
фев + май + июль,60 мин: b4 · r_4,60,32143,76,0.01184,0.011654,0.012039,0.020717,0.925852,0.948881
