period,a,b,n,wape_a,wape_b,delta_wape,lo,hi
сентябрь,r1,f_level_r,11833,0.074951,0.086338,-0.011387,-0.020491,-0.003306
фев + май + июль,r1,f_level_r,32143,0.079367,0.060471,0.018896,0.016724,0.021007
сентябрь,r2,f_level_r,11833,0.043741,0.086338,-0.042597,-0.051684,-0.034125
фев + май + июль,r2,f_level_r,32143,0.044935,0.060471,-0.015536,-0.017671,-0.013508
сентябрь,r3,f_level_r,11833,0.027041,0.086338,-0.059296,-0.068561,-0.050762
фев + май + июль,r3,f_level_r,32143,0.027617,0.060471,-0.032854,-0.035381,-0.030672
фев + май + июль,r1,f_model,24146,0.081977,0.051538,0.030439,0.027638,0.033153
фев + май + июль,r2,f_model,24146,0.046318,0.051538,-0.00522,-0.008595,-0.00228
фев + май + июль,r3,f_model,24146,0.028086,0.051538,-0.023452,-0.027447,-0.020212
