vestibule_id,ts_local,day_type,closed_slots,entries_15min,entries_hourly,is_source_mismatch
akademicheskaya_1,2026-09-09 13:00:00,рабочий,"13:00, 13:15, 13:30",244,1639.0,True
politekhnicheskaya_1,2026-05-14 19:00:00,рабочий,19:45,753,740.0,False
politekhnicheskaya_1,2026-05-14 20:00:00,рабочий,"20:00, 20:15",334,333.0,False
ploshchad_muzhestva_1,2026-02-19 05:00:00,рабочий,05:45,3199,151.0,True
ploshchad_muzhestva_1,2026-02-19 06:00:00,рабочий,"06:00, 06:15, 06:30, 06:45",0,707.0,True
ploshchad_muzhestva_1,2026-02-19 07:00:00,рабочий,"07:00, 07:15, 07:30, 07:45",0,1702.0,True
ploshchad_muzhestva_1,2026-02-19 08:00:00,рабочий,"08:00, 08:15, 08:30, 08:45",0,2369.0,True
vosstaniya_1,2026-05-09 06:00:00,праздник,06:30,148,142.0,False
vosstaniya_1,2026-05-09 13:00:00,праздник,"13:00, 13:15",463,462.0,False
baltiyskaya_1,2026-02-02 08:00:00,рабочий,"08:15, 08:30, 08:45",1354,1456.0,False
baltiyskaya_1,2026-02-03 08:00:00,рабочий,"08:15, 08:30, 08:45",1346,1315.0,False
baltiyskaya_1,2026-02-03 09:00:00,рабочий,09:00,2918,2854.0,False
baltiyskaya_1,2026-02-04 08:00:00,рабочий,"08:15, 08:30, 08:45",1556,1523.0,False
baltiyskaya_1,2026-02-05 08:00:00,рабочий,"08:15, 08:30, 08:45",1329,1432.0,False
baltiyskaya_1,2026-02-05 09:00:00,рабочий,09:00,2785,2780.0,False
baltiyskaya_1,2026-02-06 08:00:00,рабочий,"08:15, 08:30, 08:45",1226,1190.0,False
baltiyskaya_1,2026-02-09 08:00:00,рабочий,"08:15, 08:30, 08:45",1438,1557.0,False
baltiyskaya_1,2026-02-10 08:00:00,рабочий,"08:15, 08:30, 08:45",1319,1320.0,False
baltiyskaya_1,2026-02-10 09:00:00,рабочий,09:00,2760,2698.0,False
baltiyskaya_1,2026-02-11 08:00:00,рабочий,"08:15, 08:30, 08:45",1361,1413.0,False
baltiyskaya_1,2026-02-12 08:00:00,рабочий,"08:15, 08:30, 08:45",1297,1435.0,False
baltiyskaya_1,2026-02-12 09:00:00,рабочий,09:00,2899,2860.0,False
baltiyskaya_1,2026-02-13 08:00:00,рабочий,"08:15, 08:30, 08:45",1391,1358.0,False
baltiyskaya_1,2026-02-16 08:00:00,рабочий,"08:15, 08:30, 08:45",1436,1551.0,False
baltiyskaya_1,2026-02-17 08:00:00,рабочий,"08:15, 08:30, 08:45",1223,1163.0,False
baltiyskaya_1,2026-02-18 08:00:00,рабочий,"08:15, 08:30, 08:45",1283,1302.0,False
baltiyskaya_1,2026-02-19 08:00:00,рабочий,"08:15, 08:30, 08:45",1451,1473.0,False
baltiyskaya_1,2026-02-20 08:00:00,рабочий,"08:15, 08:30, 08:45",1407,1402.0,False
baltiyskaya_1,2026-02-20 09:00:00,рабочий,09:00,2485,2427.0,False
baltiyskaya_1,2026-02-24 08:00:00,рабочий,"08:15, 08:30, 08:45",1096,1079.0,False
baltiyskaya_1,2026-02-24 09:00:00,рабочий,09:00,2784,2732.0,False
baltiyskaya_1,2026-02-25 08:00:00,рабочий,"08:15, 08:30, 08:45",1202,1260.0,False
baltiyskaya_1,2026-02-26 08:00:00,рабочий,"08:15, 08:30, 08:45",1333,1292.0,False
baltiyskaya_1,2026-02-27 08:00:00,рабочий,"08:15, 08:30, 08:45",1495,1439.0,False
narvskaya_1,2026-07-01 08:00:00,рабочий,"08:15, 08:30, 08:45",400,383.0,False
narvskaya_1,2026-07-02 08:00:00,рабочий,"08:15, 08:30, 08:45",389,375.0,False
narvskaya_1,2026-07-03 08:00:00,рабочий,"08:15, 08:30, 08:45",375,378.0,False
narvskaya_1,2026-07-06 08:00:00,рабочий,"08:15, 08:30, 08:45",403,405.0,False
narvskaya_1,2026-07-07 08:00:00,рабочий,"08:15, 08:30, 08:45",343,349.0,False
narvskaya_1,2026-07-08 08:00:00,рабочий,"08:15, 08:30, 08:45",358,350.0,False
narvskaya_1,2026-07-09 08:00:00,рабочий,"08:15, 08:30, 08:45",442,417.0,False
narvskaya_1,2026-07-10 08:00:00,рабочий,"08:15, 08:30, 08:45",338,358.0,False
narvskaya_1,2026-07-13 08:00:00,рабочий,"08:15, 08:30, 08:45",346,369.0,False
narvskaya_1,2026-07-14 08:00:00,рабочий,"08:15, 08:30, 08:45",368,369.0,False
narvskaya_1,2026-07-15 08:00:00,рабочий,"08:15, 08:30, 08:45",390,374.0,False
narvskaya_1,2026-07-16 08:00:00,рабочий,"08:15, 08:30, 08:45",350,368.0,False
narvskaya_1,2026-07-17 08:00:00,рабочий,"08:15, 08:30, 08:45",381,356.0,False
narvskaya_1,2026-07-20 08:00:00,рабочий,"08:15, 08:30, 08:45",352,360.0,False
narvskaya_1,2026-07-21 08:00:00,рабочий,"08:15, 08:30, 08:45",355,347.0,False
narvskaya_1,2026-07-22 08:00:00,рабочий,"08:15, 08:30, 08:45",339,367.0,False
narvskaya_1,2026-07-23 08:00:00,рабочий,"08:15, 08:30, 08:45",340,359.0,False
narvskaya_1,2026-07-24 08:00:00,рабочий,"08:15, 08:30, 08:45",313,297.0,False
narvskaya_1,2026-07-27 08:00:00,рабочий,"08:15, 08:30, 08:45",359,332.0,False
narvskaya_1,2026-07-28 08:00:00,рабочий,"08:15, 08:30, 08:45",338,335.0,False
narvskaya_1,2026-07-29 08:00:00,рабочий,"08:15, 08:30, 08:45",356,328.0,False
narvskaya_1,2026-07-30 08:00:00,рабочий,"08:15, 08:30, 08:45",336,354.0,False
narvskaya_1,2026-07-31 08:00:00,рабочий,"08:15, 08:30, 08:45",322,308.0,False
prospekt_veteranov_2,2026-02-03 05:00:00,рабочий,"05:30, 05:45",0,1033.0,True
prospekt_veteranov_2,2026-02-03 06:00:00,рабочий,"06:00, 06:15, 06:30, 06:45",0,3555.0,True
prospekt_veteranov_2,2026-02-03 11:00:00,рабочий,11:30,1963,1914.0,False
prospekt_veteranov_2,2026-02-05 21:00:00,рабочий,"21:00, 21:15, 21:30, 21:45",0,457.0,True
