vestibule_id,ts_local,entries_15min,entries_hourly,diff,closure_rule
devyatkino_2,2026-07-24 05:00:00,2205,1128.0,1077.0,
grazhdansky_prospekt_1,2026-05-22 05:00:00,1276,872.0,404.0,
grazhdansky_prospekt_1,2026-07-03 01:00:00,1494,0.0,1494.0,
grazhdansky_prospekt_1,2026-07-11 00:00:00,684,49.0,635.0,
grazhdansky_prospekt_1,2026-07-26 00:00:00,145,37.0,108.0,
grazhdansky_prospekt_1,2026-09-28 06:00:00,3420,2576.0,844.0,
akademicheskaya_1,2026-09-08 05:00:00,800,579.0,221.0,
akademicheskaya_1,2026-09-09 12:00:00,2961,1548.0,1413.0,
akademicheskaya_1,2026-09-09 13:00:00,244,1639.0,-1395.0,
ploshchad_muzhestva_1,2026-02-19 05:00:00,3199,151.0,3048.0,
ploshchad_muzhestva_1,2026-02-19 06:00:00,0,707.0,-707.0,разово
ploshchad_muzhestva_1,2026-02-19 07:00:00,0,1702.0,-1702.0,разово
ploshchad_muzhestva_1,2026-02-19 08:00:00,0,2369.0,-2369.0,разово
ploshchad_lenina_2,2026-05-13 12:00:00,874,719.0,155.0,
chernyshevskaya_1,2026-02-23 10:00:00,404,583.0,-179.0,
chernyshevskaya_1,2026-05-09 00:00:00,91,212.0,-121.0,
vosstaniya_1,2026-05-17 12:00:00,5572,1518.0,4054.0,
vosstaniya_1,2026-05-17 13:00:00,1291,1700.0,-409.0,
vosstaniya_1,2026-05-17 15:00:00,2205,1552.0,653.0,
vosstaniya_1,2026-05-30 03:00:00,40,142.0,-102.0,
vosstaniya_2,2026-05-14 00:00:00,208,316.0,-108.0,
vosstaniya_2,2026-05-21 00:00:00,247,348.0,-101.0,
vosstaniya_2,2026-05-23 00:00:00,306,418.0,-112.0,
vosstaniya_2,2026-09-12 00:00:00,305,421.0,-116.0,
vosstaniya_2,2026-09-13 00:00:00,389,608.0,-219.0,
vosstaniya_2,2026-09-16 00:00:00,201,356.0,-155.0,
vosstaniya_2,2026-09-25 00:00:00,231,333.0,-102.0,
prospekt_veteranov_2,2026-02-03 05:00:00,0,1033.0,-1033.0,разово
prospekt_veteranov_2,2026-02-03 06:00:00,0,3555.0,-3555.0,разово
prospekt_veteranov_2,2026-02-05 20:00:00,1296,709.0,587.0,
prospekt_veteranov_2,2026-02-05 21:00:00,0,457.0,-457.0,разово
