period,horizon,slice,vs,ref_model,wape_ref,wape_stack,dwape,lo,hi,p_dm,n_days,n
май (стекинг обучен на июле),30,все слоты,B1,b1,0.069893,0.069255,0.000638,-1.2e-05,0.001513,0.000993,26,21954
май (стекинг обучен на июле),30,все слоты,лучшая базовая,b1,0.069893,0.069255,0.000638,-1.2e-05,0.001513,0.000993,26,21954
май (стекинг обучен на июле),30,все слоты,среднее,mean,0.070217,0.069255,0.000962,-0.000542,0.002,0.121035,26,21954
май (стекинг обучен на июле),30,"пики 07–09, 17–19",B1,b1,0.05666,0.05657,9e-05,-0.000497,0.000854,0.746969,26,7174
май (стекинг обучен на июле),30,"пики 07–09, 17–19",лучшая базовая,b1,0.05666,0.05657,9e-05,-0.000497,0.000854,0.746969,26,7174
май (стекинг обучен на июле),30,"пики 07–09, 17–19",среднее,mean,0.057633,0.05657,0.001063,-0.000582,0.002303,0.093469,26,7174
май (стекинг обучен на июле),30,аномальные часы,B1,b1,0.231547,0.217173,0.014373,0.008402,0.01921,0.01193,26,1452
май (стекинг обучен на июле),30,аномальные часы,лучшая базовая,b1,0.231547,0.217173,0.014373,0.008402,0.01921,0.01193,26,1452
май (стекинг обучен на июле),30,аномальные часы,среднее,mean,0.190116,0.217173,-0.027058,-0.034036,-0.017003,0.008522,26,1452
май (стекинг обучен на июле),60,все слоты,B1,b1,0.071034,0.070567,0.000467,-0.000238,0.001473,0.106724,26,21356
май (стекинг обучен на июле),60,все слоты,лучшая базовая,b1,0.071034,0.070567,0.000467,-0.000238,0.001473,0.106724,26,21356
май (стекинг обучен на июле),60,все слоты,среднее,mean,0.073039,0.070567,0.002472,0.001514,0.003214,0.0,26,21356
май (стекинг обучен на июле),60,"пики 07–09, 17–19",B1,b1,0.057837,0.057773,6.4e-05,-0.000607,0.001006,0.815882,26,7174
май (стекинг обучен на июле),60,"пики 07–09, 17–19",лучшая базовая,b1,0.057837,0.057773,6.4e-05,-0.000607,0.001006,0.815882,26,7174
май (стекинг обучен на июле),60,"пики 07–09, 17–19",среднее,mean,0.060648,0.057773,0.002875,0.001657,0.003806,0.0,26,7174
май (стекинг обучен на июле),60,аномальные часы,B1,b1,0.237099,0.22677,0.010329,0.003793,0.014765,0.064203,26,1421
май (стекинг обучен на июле),60,аномальные часы,лучшая базовая,b1,0.237099,0.22677,0.010329,0.003793,0.014765,0.064203,26,1421
май (стекинг обучен на июле),60,аномальные часы,среднее,mean,0.217697,0.22677,-0.009074,-0.014631,-0.002797,0.097304,26,1421
май (стекинг обучен на июле),90,все слоты,B1,b1,0.072212,0.071958,0.000254,-7.7e-05,0.000725,0.095739,26,20758
май (стекинг обучен на июле),90,все слоты,лучшая базовая,b1,0.072212,0.071958,0.000254,-7.7e-05,0.000725,0.095739,26,20758
май (стекинг обучен на июле),90,все слоты,среднее,mean,0.075184,0.071958,0.003226,0.002144,0.004135,0.0,26,20758
май (стекинг обучен на июле),90,"пики 07–09, 17–19",B1,b1,0.058638,0.058644,-6e-06,-0.000361,0.000467,0.973074,26,7174
май (стекинг обучен на июле),90,"пики 07–09, 17–19",лучшая базовая,b1,0.058638,0.058644,-6e-06,-0.000361,0.000467,0.973074,26,7174
май (стекинг обучен на июле),90,"пики 07–09, 17–19",среднее,mean,0.062646,0.058644,0.004003,0.002675,0.005429,1e-06,26,7174
май (стекинг обучен на июле),90,аномальные часы,B1,b1,0.240819,0.235983,0.004836,0.001906,0.008145,0.0861,26,1390
май (стекинг обучен на июле),90,аномальные часы,лучшая базовая,b1,0.240819,0.235983,0.004836,0.001906,0.008145,0.0861,26,1390
май (стекинг обучен на июле),90,аномальные часы,среднее,mean,0.229675,0.235983,-0.006308,-0.014688,0.001404,0.232312,26,1390
май (стекинг обучен на июле),120,все слоты,B1,b1,0.074229,0.074033,0.000196,-1e-06,0.000447,0.075423,26,20160
май (стекинг обучен на июле),120,все слоты,лучшая базовая,b1,0.074229,0.074033,0.000196,-1e-06,0.000447,0.075423,26,20160
май (стекинг обучен на июле),120,все слоты,среднее,mean,0.077497,0.074033,0.003463,0.001895,0.004899,2e-05,26,20160
май (стекинг обучен на июле),120,"пики 07–09, 17–19",B1,b1,0.060441,0.060503,-6.1e-05,-0.000411,0.000278,0.735606,26,6576
май (стекинг обучен на июле),120,"пики 07–09, 17–19",лучшая базовая,b1,0.060441,0.060503,-6.1e-05,-0.000411,0.000278,0.735606,26,6576
май (стекинг обучен на июле),120,"пики 07–09, 17–19",среднее,mean,0.066034,0.060503,0.005531,0.002912,0.009098,0.000345,26,6576
май (стекинг обучен на июле),120,аномальные часы,B1,b1,0.248044,0.246164,0.00188,-0.000503,0.00424,0.198898,26,1342
май (стекинг обучен на июле),120,аномальные часы,лучшая базовая,b1,0.248044,0.246164,0.00188,-0.000503,0.00424,0.198898,26,1342
май (стекинг обучен на июле),120,аномальные часы,среднее,mean,0.243052,0.246164,-0.003111,-0.017973,0.012463,0.704881,26,1342
май (стекинг обучен на июле),все,все слоты,B1,b1,0.071801,0.071408,0.000393,-3.9e-05,0.001017,0.016954,26,84228
май (стекинг обучен на июле),все,все слоты,лучшая базовая,b1,0.071801,0.071408,0.000393,-3.9e-05,0.001017,0.016954,26,84228
май (стекинг обучен на июле),все,все слоты,среднее,mean,0.073918,0.071408,0.002509,0.001436,0.003243,0.0,26,84228
май (стекинг обучен на июле),все,"пики 07–09, 17–19",B1,b1,0.058359,0.058336,2.3e-05,-0.000381,0.000592,0.904965,26,28098
май (стекинг обучен на июле),все,"пики 07–09, 17–19",лучшая базовая,b1,0.058359,0.058336,2.3e-05,-0.000381,0.000592,0.904965,26,28098
май (стекинг обучен на июле),все,"пики 07–09, 17–19",среднее,mean,0.061667,0.058336,0.003331,0.002053,0.004473,1e-06,26,28098
май (стекинг обучен на июле),все,аномальные часы,B1,b1,0.239286,0.231361,0.007924,0.004399,0.01056,0.030136,26,5605
май (стекинг обучен на июле),все,аномальные часы,лучшая базовая,b1,0.239286,0.231361,0.007924,0.004399,0.01056,0.030136,26,5605
май (стекинг обучен на июле),все,аномальные часы,среднее,mean,0.219863,0.231361,-0.011498,-0.019068,-0.005267,0.064306,26,5605
июль (стекинг обучен на мае),30,все слоты,B1,b1,0.068531,0.067926,0.000606,0.000144,0.001104,0.006134,31,26292
июль (стекинг обучен на мае),30,все слоты,лучшая базовая,b1,0.068531,0.067926,0.000606,0.000144,0.001104,0.006134,31,26292
июль (стекинг обучен на мае),30,все слоты,среднее,mean,0.069351,0.067926,0.001425,0.000831,0.002006,2.7e-05,31,26292
июль (стекинг обучен на мае),30,"пики 07–09, 17–19",B1,b1,0.060595,0.060109,0.000486,-0.000169,0.00115,0.137349,31,8510
июль (стекинг обучен на мае),30,"пики 07–09, 17–19",лучшая базовая,b1,0.060595,0.060109,0.000486,-0.000169,0.00115,0.137349,31,8510
июль (стекинг обучен на мае),30,"пики 07–09, 17–19",среднее,mean,0.061125,0.060109,0.001016,0.00011,0.001887,0.029684,31,8510
июль (стекинг обучен на мае),30,аномальные часы,B1,b1,0.137034,0.127901,0.009133,0.007034,0.011429,0.0,31,1928
июль (стекинг обучен на мае),30,аномальные часы,лучшая базовая,b1,0.137034,0.127901,0.009133,0.007034,0.011429,0.0,31,1928
июль (стекинг обучен на мае),30,аномальные часы,среднее,mean,0.129,0.127901,0.001099,-0.003632,0.005698,0.589673,31,1928
июль (стекинг обучен на мае),60,все слоты,B1,b1,0.070236,0.06939,0.000845,0.000556,0.001145,0.0,31,25579
июль (стекинг обучен на мае),60,все слоты,лучшая базовая,b1,0.070236,0.06939,0.000845,0.000556,0.001145,0.0,31,25579
июль (стекинг обучен на мае),60,все слоты,среднее,mean,0.071534,0.06939,0.002143,0.001426,0.00282,0.0,31,25579
июль (стекинг обучен на мае),60,"пики 07–09, 17–19",B1,b1,0.062396,0.062132,0.000264,-5e-05,0.000579,0.002485,31,8487
июль (стекинг обучен на мае),60,"пики 07–09, 17–19",лучшая базовая,b1,0.062396,0.062132,0.000264,-5e-05,0.000579,0.002485,31,8487
июль (стекинг обучен на мае),60,"пики 07–09, 17–19",среднее,mean,0.064764,0.062132,0.002632,0.001548,0.003493,0.0,31,8487
июль (стекинг обучен на мае),60,аномальные часы,B1,b1,0.142294,0.138676,0.003618,0.00241,0.005034,0.00036,31,1913
июль (стекинг обучен на мае),60,аномальные часы,лучшая базовая,b1,0.142294,0.138676,0.003618,0.00241,0.005034,0.00036,31,1913
июль (стекинг обучен на мае),60,аномальные часы,среднее,mean,0.146316,0.138676,0.00764,0.002324,0.013413,0.023197,31,1913
июль (стекинг обучен на мае),90,все слоты,B1,b1,0.071804,0.071306,0.000498,0.000307,0.000694,0.0,31,24866
июль (стекинг обучен на мае),90,все слоты,лучшая базовая,b1,0.071804,0.071306,0.000498,0.000307,0.000694,0.0,31,24866
июль (стекинг обучен на мае),90,все слоты,среднее,mean,0.074511,0.071306,0.003204,0.002266,0.004105,0.0,31,24866
июль (стекинг обучен на мае),90,"пики 07–09, 17–19",B1,b1,0.0636,0.063534,6.6e-05,-0.000241,0.000367,0.527559,31,8464
июль (стекинг обучен на мае),90,"пики 07–09, 17–19",лучшая базовая,b1,0.0636,0.063534,6.6e-05,-0.000241,0.000367,0.527559,31,8464
июль (стекинг обучен на мае),90,"пики 07–09, 17–19",среднее,mean,0.067524,0.063534,0.003989,0.002768,0.005198,0.0,31,8464
июль (стекинг обучен на мае),90,аномальные часы,B1,b1,0.147822,0.146218,0.001605,0.000511,0.002651,0.000737,31,1898
июль (стекинг обучен на мае),90,аномальные часы,лучшая базовая,b1,0.147822,0.146218,0.001605,0.000511,0.002651,0.000737,31,1898
июль (стекинг обучен на мае),90,аномальные часы,среднее,mean,0.155172,0.146218,0.008955,0.001915,0.01587,0.019595,31,1898
июль (стекинг обучен на мае),120,все слоты,B1,b1,0.073161,0.073034,0.000127,-6e-05,0.000328,0.081091,31,24154
июль (стекинг обучен на мае),120,все слоты,лучшая базовая,b1,0.073161,0.073034,0.000127,-6e-05,0.000328,0.081091,31,24154
июль (стекинг обучен на мае),120,все слоты,среднее,mean,0.078133,0.073034,0.005099,0.004034,0.006166,0.0,31,24154
июль (стекинг обучен на мае),120,"пики 07–09, 17–19",B1,b1,0.064998,0.06565,-0.000652,-0.000963,-0.000342,5.4e-05,31,7752
июль (стекинг обучен на мае),120,"пики 07–09, 17–19",лучшая базовая,b1,0.064998,0.06565,-0.000652,-0.000963,-0.000342,5.4e-05,31,7752
июль (стекинг обучен на мае),120,"пики 07–09, 17–19",среднее,mean,0.072925,0.06565,0.007275,0.00559,0.008845,0.0,31,7752
июль (стекинг обучен на мае),120,аномальные часы,B1,b1,0.154815,0.153948,0.000867,-0.000334,0.001879,0.133763,31,1844
июль (стекинг обучен на мае),120,аномальные часы,лучшая базовая,b1,0.154815,0.153948,0.000867,-0.000334,0.001879,0.133763,31,1844
июль (стекинг обучен на мае),120,аномальные часы,среднее,mean,0.169456,0.153948,0.015508,0.008379,0.022353,6e-05,31,1844
июль (стекинг обучен на мае),все,все слоты,B1,b1,0.070888,0.070363,0.000525,0.000282,0.00078,0.0,31,100891
июль (стекинг обучен на мае),все,все слоты,лучшая базовая,b1,0.070888,0.070363,0.000525,0.000282,0.00078,0.0,31,100891
июль (стекинг обучен на мае),все,все слоты,среднее,mean,0.073293,0.070363,0.002931,0.002158,0.003666,0.0,31,100891
июль (стекинг обучен на мае),все,"пики 07–09, 17–19",B1,b1,0.062856,0.062802,5.4e-05,-0.000212,0.000349,0.611134,31,33213
июль (стекинг обучен на мае),все,"пики 07–09, 17–19",лучшая базовая,b1,0.062856,0.062802,5.4e-05,-0.000212,0.000349,0.611134,31,33213
июль (стекинг обучен на мае),все,"пики 07–09, 17–19",среднее,mean,0.066462,0.062802,0.00366,0.002535,0.004582,0.0,31,33213
июль (стекинг обучен на мае),все,аномальные часы,B1,b1,0.145389,0.141547,0.003842,0.002713,0.004983,3e-06,31,7583
июль (стекинг обучен на мае),все,аномальные часы,лучшая базовая,b1,0.145389,0.141547,0.003842,0.002713,0.004983,3e-06,31,7583
июль (стекинг обучен на мае),все,аномальные часы,среднее,mean,0.149769,0.141547,0.008222,0.002433,0.014304,0.009483,31,7583
май + июль (вне выборки),30,все слоты,B1,b1,0.06917,0.068549,0.000621,0.000207,0.001092,2.9e-05,57,48246
май + июль (вне выборки),30,все слоты,лучшая базовая,b1,0.06917,0.068549,0.000621,0.000207,0.001092,2.9e-05,57,48246
май + июль (вне выборки),30,все слоты,среднее,mean,0.069757,0.068549,0.001208,0.000463,0.001817,0.000592,57,48246
май + июль (вне выборки),30,"пики 07–09, 17–19",B1,b1,0.058741,0.058442,0.0003,-0.000127,0.000788,0.194251,57,15684
май + июль (вне выборки),30,"пики 07–09, 17–19",лучшая базовая,b1,0.058741,0.058442,0.0003,-0.000127,0.000788,0.194251,57,15684
май + июль (вне выборки),30,"пики 07–09, 17–19",среднее,mean,0.05948,0.058442,0.001039,0.000173,0.001782,0.010495,57,15684
май + июль (вне выборки),30,аномальные часы,B1,b1,0.176821,0.165482,0.011339,0.008331,0.014858,1e-05,57,3380
май + июль (вне выборки),30,аномальные часы,лучшая базовая,b1,0.176821,0.165482,0.011339,0.008331,0.014858,1e-05,57,3380
май + июль (вне выборки),30,аномальные часы,среднее,mean,0.154728,0.165482,-0.010754,-0.019242,-0.001806,0.081533,57,3380
май + июль (вне выборки),60,все слоты,B1,b1,0.07061,0.069942,0.000668,0.000262,0.001144,6.7e-05,57,46935
май + июль (вне выборки),60,все слоты,лучшая базовая,b1,0.07061,0.069942,0.000668,0.000262,0.001144,6.7e-05,57,46935
май + июль (вне выборки),60,все слоты,среднее,mean,0.07224,0.069942,0.002298,0.001738,0.002822,0.0,57,46935
май + июль (вне выборки),60,"пики 07–09, 17–19",B1,b1,0.060245,0.060075,0.000169,-0.000202,0.000615,0.253275,57,15661
май + июль (вне выборки),60,"пики 07–09, 17–19",лучшая базовая,b1,0.060245,0.060075,0.000169,-0.000202,0.000615,0.253275,57,15661
май + июль (вне выборки),60,"пики 07–09, 17–19",среднее,mean,0.062822,0.060075,0.002747,0.001995,0.003406,0.0,57,15661
май + июль (вне выборки),60,аномальные часы,B1,b1,0.18211,0.175674,0.006437,0.003405,0.009503,0.010489,57,3334
май + июль (вне выборки),60,аномальные часы,лучшая базовая,b1,0.18211,0.175674,0.006437,0.003405,0.009503,0.010489,57,3334
май + июль (вне выборки),60,аномальные часы,среднее,mean,0.176294,0.175674,0.000621,-0.005387,0.007526,0.877446,57,3334
май + июль (вне выборки),90,все слоты,B1,b1,0.071996,0.071612,0.000383,0.000185,0.000636,3.6e-05,57,45624
май + июль (вне выборки),90,все слоты,лучшая базовая,b1,0.071996,0.071612,0.000383,0.000185,0.000636,3.6e-05,57,45624
май + июль (вне выборки),90,все слоты,среднее,mean,0.074827,0.071612,0.003214,0.002524,0.00385,0.0,57,45624
май + июль (вне выборки),90,"пики 07–09, 17–19",B1,b1,0.061254,0.061222,3.2e-05,-0.000207,0.000291,0.745656,57,15638
май + июль (вне выборки),90,"пики 07–09, 17–19",лучшая базовая,b1,0.061254,0.061222,3.2e-05,-0.000207,0.000291,0.745656,57,15638
май + июль (вне выборки),90,"пики 07–09, 17–19",среднее,mean,0.065218,0.061222,0.003996,0.003094,0.004923,0.0,57,15638
май + июль (вне выборки),90,аномальные часы,B1,b1,0.186771,0.183813,0.002958,0.001385,0.004899,0.017237,57,3288
май + июль (вне выборки),90,аномальные часы,лучшая базовая,b1,0.186771,0.183813,0.002958,0.001385,0.004899,0.017237,57,3288
май + июль (вне выборки),90,аномальные часы,среднее,mean,0.186375,0.183813,0.002562,-0.004354,0.009674,0.510625,57,3288
май + июль (вне выборки),120,все слоты,B1,b1,0.073663,0.073504,0.000159,3.3e-05,0.000308,0.010184,57,44314
май + июль (вне выборки),120,все слоты,лучшая базовая,b1,0.073663,0.073504,0.000159,3.3e-05,0.000308,0.010184,57,44314
май + июль (вне выборки),120,все слоты,среднее,mean,0.077834,0.073504,0.00433,0.003474,0.005222,0.0,57,44314
май + июль (вне выборки),120,"пики 07–09, 17–19",B1,b1,0.062841,0.063213,-0.000372,-0.000609,-0.000149,0.009582,57,14328
май + июль (вне выборки),120,"пики 07–09, 17–19",лучшая базовая,b1,0.062841,0.063213,-0.000372,-0.000609,-0.000149,0.009582,57,14328
май + июль (вне выборки),120,"пики 07–09, 17–19",среднее,mean,0.069663,0.063213,0.006449,0.004972,0.008264,0.0,57,14328
май + июль (вне выборки),120,аномальные часы,B1,b1,0.194106,0.192812,0.001294,9.6e-05,0.002546,0.065792,57,3186
май + июль (вне выборки),120,аномальные часы,лучшая базовая,b1,0.194106,0.192812,0.001294,9.6e-05,0.002546,0.065792,57,3186
май + июль (вне выборки),120,аномальные часы,среднее,mean,0.200473,0.192812,0.007661,-0.001748,0.016355,0.120536,57,3186
май + июль (вне выборки),все,все слоты,B1,b1,0.071317,0.070854,0.000463,0.000213,0.000771,2e-06,57,185119
май + июль (вне выборки),все,все слоты,лучшая базовая,b1,0.071317,0.070854,0.000463,0.000213,0.000771,2e-06,57,185119
май + июль (вне выборки),все,все слоты,среднее,mean,0.073587,0.070854,0.002733,0.002128,0.003289,0.0,57,185119
май + июль (вне выборки),все,"пики 07–09, 17–19",B1,b1,0.060732,0.060693,3.9e-05,-0.000184,0.000332,0.715357,57,61311
май + июль (вне выборки),все,"пики 07–09, 17–19",лучшая базовая,b1,0.060732,0.060693,3.9e-05,-0.000184,0.000332,0.715357,57,61311
май + июль (вне выборки),все,"пики 07–09, 17–19",среднее,mean,0.064198,0.060693,0.003505,0.002719,0.004218,0.0,57,61311
май + июль (вне выборки),все,аномальные часы,B1,b1,0.184853,0.179296,0.005558,0.003672,0.007458,0.000713,57,13188
май + июль (вне выборки),все,аномальные часы,лучшая базовая,b1,0.184853,0.179296,0.005558,0.003672,0.007458,0.000713,57,13188
май + июль (вне выборки),все,аномальные часы,среднее,mean,0.179229,0.179296,-6.6e-05,-0.006729,0.00719,0.987913,57,13188
