sday,y,n,dev
2026-09-02,226165.0,205083.776302,0.102793
2026-09-03,227141.0,207659.952854,0.093812
2026-09-04,203250.0,198486.728722,0.023998
2026-09-07,232261.0,199963.51517,0.161517
2026-09-08,234317.0,203735.388215,0.150105
2026-09-09,231517.0,207341.555558,0.116597
2026-09-10,224553.0,212900.898278,0.05473
2026-09-11,227413.0,202339.925495,0.123916
2026-09-14,236509.0,205946.419332,0.148401
2026-09-15,241052.0,209319.206739,0.1516
2026-09-16,238116.0,219195.962637,0.086316
2026-09-17,231241.0,220666.962599,0.047919
2026-09-18,224356.0,210724.13917,0.064691
2026-09-21,221254.0,221461.568288,-0.000937
2026-09-22,234788.0,224387.589959,0.04635
2026-09-23,231249.0,231817.810236,-0.002454
2026-09-24,224496.0,227955.417336,-0.015176
2026-09-25,230607.0,219732.41897,0.04949
2026-09-28,233103.0,228558.067683,0.019885
2026-09-29,237234.0,235319.445126,0.008136
