place,t,k,slot,y,n,b1,stack,cnt,band4,stack_q10,stack_q90,t_local,slot_local
вся линия,2026-09-07 12:00:00+00:00,1,2026-09-07 12:00:00+00:00,19570.0,14816.43,16710.05,16889.72,23,день 10–15,,,15:00,15:00
вся линия,2026-09-07 12:00:00+00:00,2,2026-09-07 12:30:00+00:00,20807.0,15878.15,18074.61,18231.5,23,день 10–15,,,15:00,15:30
вся линия,2026-09-07 12:00:00+00:00,3,2026-09-07 13:00:00+00:00,22695.0,18294.49,20566.02,20755.22,23,вечер 16–19,,,15:00,16:00
вся линия,2026-09-07 12:00:00+00:00,4,2026-09-07 13:30:00+00:00,26969.0,20528.21,23159.48,23392.92,23,вечер 16–19,,,15:00,16:30
вся линия,2026-09-07 12:30:00+00:00,1,2026-09-07 12:30:00+00:00,20807.0,15878.15,18074.61,18592.21,23,день 10–15,,,15:30,15:30
вся линия,2026-09-07 12:30:00+00:00,2,2026-09-07 13:00:00+00:00,22695.0,18294.49,20566.02,21098.64,23,вечер 16–19,,,15:30,16:00
вся линия,2026-09-07 12:30:00+00:00,3,2026-09-07 13:30:00+00:00,26969.0,20528.21,23159.48,23582.49,23,вечер 16–19,,,15:30,16:30
вся линия,2026-09-07 12:30:00+00:00,4,2026-09-07 14:00:00+00:00,35618.0,30318.3,33671.83,34395.64,23,вечер 16–19,,,15:30,17:00
вся линия,2026-09-07 13:00:00+00:00,1,2026-09-07 13:00:00+00:00,22695.0,18294.49,21628.79,21821.11,23,вечер 16–19,,,16:00,16:00
вся линия,2026-09-07 13:00:00+00:00,2,2026-09-07 13:30:00+00:00,26969.0,20528.21,24300.87,24406.6,23,вечер 16–19,,,16:00,16:30
вся линия,2026-09-07 13:00:00+00:00,3,2026-09-07 14:00:00+00:00,35618.0,30318.3,34376.65,34899.25,23,вечер 16–19,,,16:00,17:00
вся линия,2026-09-07 13:00:00+00:00,4,2026-09-07 14:30:00+00:00,35222.0,28902.81,32577.61,33066.96,23,вечер 16–19,,,16:00,17:30
вся линия,2026-09-07 13:30:00+00:00,1,2026-09-07 13:30:00+00:00,26969.0,20528.21,24300.87,23904.66,23,вечер 16–19,,,16:30,16:30
вся линия,2026-09-07 13:30:00+00:00,2,2026-09-07 14:00:00+00:00,35618.0,30318.3,34376.65,34607.07,23,вечер 16–19,,,16:30,17:00
вся линия,2026-09-07 13:30:00+00:00,3,2026-09-07 14:30:00+00:00,35222.0,28902.81,32577.61,32852.7,23,вечер 16–19,,,16:30,17:30
вся линия,2026-09-07 13:30:00+00:00,4,2026-09-07 15:00:00+00:00,41329.0,37362.8,41909.43,42412.71,23,вечер 16–19,,,16:30,18:00
вся линия,2026-09-07 14:00:00+00:00,1,2026-09-07 14:00:00+00:00,35618.0,30318.3,33972.67,34930.12,23,вечер 16–19,,,17:00,17:00
вся линия,2026-09-07 14:00:00+00:00,2,2026-09-07 14:30:00+00:00,35222.0,28902.81,32262.32,32925.96,23,вечер 16–19,,,17:00,17:30
вся линия,2026-09-07 14:00:00+00:00,3,2026-09-07 15:00:00+00:00,41329.0,37362.8,41124.67,41918.84,23,вечер 16–19,,,17:00,18:00
вся линия,2026-09-07 14:00:00+00:00,4,2026-09-07 15:30:00+00:00,29272.0,26346.84,28781.5,29310.77,23,вечер 16–19,,,17:00,18:30
вся линия,2026-09-07 14:30:00+00:00,1,2026-09-07 14:30:00+00:00,35222.0,28902.81,32262.32,31946.97,23,вечер 16–19,,,17:30,17:30
вся линия,2026-09-07 14:30:00+00:00,2,2026-09-07 15:00:00+00:00,41329.0,37362.8,41124.67,41200.11,23,вечер 16–19,,,17:30,18:00
вся линия,2026-09-07 14:30:00+00:00,3,2026-09-07 15:30:00+00:00,29272.0,26346.84,28781.5,28952.85,23,вечер 16–19,,,17:30,18:30
вся линия,2026-09-07 14:30:00+00:00,4,2026-09-07 16:00:00+00:00,22501.0,21060.74,23927.69,23950.38,23,вечер 16–19,,,17:30,19:00
вся линия,2026-09-07 15:00:00+00:00,1,2026-09-07 15:00:00+00:00,41329.0,37362.8,39789.16,40740.69,23,вечер 16–19,,,18:00,18:00
вся линия,2026-09-07 15:00:00+00:00,2,2026-09-07 15:30:00+00:00,29272.0,26346.84,27871.73,28309.12,23,вечер 16–19,,,18:00,18:30
вся линия,2026-09-07 15:00:00+00:00,3,2026-09-07 16:00:00+00:00,22501.0,21060.74,22818.5,23042.26,23,вечер 16–19,,,18:00,19:00
вся линия,2026-09-07 15:00:00+00:00,4,2026-09-07 16:30:00+00:00,18655.0,17149.32,18455.95,18637.09,23,вечер 16–19,,,18:00,19:30
вся линия,2026-09-07 15:30:00+00:00,1,2026-09-07 15:30:00+00:00,29272.0,26346.84,27871.73,27978.41,23,вечер 16–19,,,18:30,18:30
вся линия,2026-09-07 15:30:00+00:00,2,2026-09-07 16:00:00+00:00,22501.0,21060.74,22818.5,22757.97,23,вечер 16–19,,,18:30,19:00
вся линия,2026-09-07 15:30:00+00:00,3,2026-09-07 16:30:00+00:00,18655.0,17149.32,18455.95,18465.05,23,вечер 16–19,,,18:30,19:30
вся линия,2026-09-07 15:30:00+00:00,4,2026-09-07 17:00:00+00:00,16937.0,15821.96,17152.13,17148.23,23,поздно 20–00,,,18:30,20:00
вся линия,2026-09-07 16:00:00+00:00,1,2026-09-07 16:00:00+00:00,22501.0,21060.74,22968.81,22906.37,23,вечер 16–19,,,19:00,19:00
вся линия,2026-09-07 16:00:00+00:00,2,2026-09-07 16:30:00+00:00,18655.0,17149.32,18585.57,18593.78,23,вечер 16–19,,,19:00,19:30
вся линия,2026-09-07 16:00:00+00:00,3,2026-09-07 17:00:00+00:00,16937.0,15821.96,17155.53,17166.39,23,поздно 20–00,,,19:00,20:00
вся линия,2026-09-07 16:00:00+00:00,4,2026-09-07 17:30:00+00:00,12586.0,12049.7,13048.57,13057.65,23,поздно 20–00,,,19:00,20:30
вся линия,2026-09-07 16:30:00+00:00,1,2026-09-07 16:30:00+00:00,18655.0,17149.32,18585.57,18474.02,23,вечер 16–19,,,19:30,19:30
вся линия,2026-09-07 16:30:00+00:00,2,2026-09-07 17:00:00+00:00,16937.0,15821.96,17155.53,17081.78,23,поздно 20–00,,,19:30,20:00
вся линия,2026-09-07 16:30:00+00:00,3,2026-09-07 17:30:00+00:00,12586.0,12049.7,13048.57,13019.33,23,поздно 20–00,,,19:30,20:30
вся линия,2026-09-07 16:30:00+00:00,4,2026-09-07 18:00:00+00:00,12191.0,12651.38,13437.8,13420.4,23,поздно 20–00,,,19:30,21:00
вся линия,2026-09-07 17:00:00+00:00,1,2026-09-07 17:00:00+00:00,16937.0,15821.96,16740.84,16784.45,23,поздно 20–00,,,20:00,20:00
вся линия,2026-09-07 17:00:00+00:00,2,2026-09-07 17:30:00+00:00,12586.0,12049.7,12730.02,12774.82,23,поздно 20–00,,,20:00,20:30
вся линия,2026-09-07 17:00:00+00:00,3,2026-09-07 18:00:00+00:00,12191.0,12651.38,13074.89,13120.34,23,поздно 20–00,,,20:00,21:00
вся линия,2026-09-07 17:00:00+00:00,4,2026-09-07 18:30:00+00:00,9240.0,9711.84,10028.88,10063.33,23,поздно 20–00,,,20:00,21:30
politekhnicheskaya,2026-09-07 12:00:00+00:00,1,2026-09-07 12:00:00+00:00,782.0,318.29,490.04,507.58,1,день 10–15,449.03,559.83,15:00,15:00
politekhnicheskaya,2026-09-07 12:00:00+00:00,2,2026-09-07 12:30:00+00:00,1282.0,495.43,762.77,783.09,1,день 10–15,691.61,864.89,15:00,15:30
politekhnicheskaya,2026-09-07 12:00:00+00:00,3,2026-09-07 13:00:00+00:00,962.0,478.24,741.43,756.09,1,вечер 16–19,678.11,843.25,15:00,16:00
politekhnicheskaya,2026-09-07 12:00:00+00:00,4,2026-09-07 13:30:00+00:00,1161.0,544.23,843.73,860.42,1,вечер 16–19,771.99,961.22,15:00,16:30
politekhnicheskaya,2026-09-07 12:30:00+00:00,1,2026-09-07 12:30:00+00:00,1282.0,495.43,762.77,819.01,1,день 10–15,724.53,903.32,15:30,15:30
politekhnicheskaya,2026-09-07 12:30:00+00:00,2,2026-09-07 13:00:00+00:00,962.0,478.24,741.43,789.56,1,вечер 16–19,707.89,875.93,15:30,16:00
politekhnicheskaya,2026-09-07 12:30:00+00:00,3,2026-09-07 13:30:00+00:00,1161.0,544.23,843.73,883.5,1,вечер 16–19,792.38,985.35,15:30,16:30
politekhnicheskaya,2026-09-07 12:30:00+00:00,4,2026-09-07 14:00:00+00:00,1672.0,737.49,1149.45,1202.98,1,вечер 16–19,1079.36,1343.92,15:30,17:00
politekhnicheskaya,2026-09-07 13:00:00+00:00,1,2026-09-07 13:00:00+00:00,962.0,478.24,823.03,865.81,1,вечер 16–19,776.8,958.29,16:00,16:00
politekhnicheskaya,2026-09-07 13:00:00+00:00,2,2026-09-07 13:30:00+00:00,1161.0,544.23,936.6,979.1,1,вечер 16–19,877.83,1086.21,16:00,16:30
politekhnicheskaya,2026-09-07 13:00:00+00:00,3,2026-09-07 14:00:00+00:00,1672.0,737.49,1260.27,1313.67,1,вечер 16–19,1178.18,1465.1,16:00,17:00
politekhnicheskaya,2026-09-07 13:00:00+00:00,4,2026-09-07 14:30:00+00:00,1804.0,754.16,1288.75,1343.36,1,вечер 16–19,1205.31,1500.74,16:00,17:30
politekhnicheskaya,2026-09-07 13:30:00+00:00,1,2026-09-07 13:30:00+00:00,1161.0,544.23,936.6,915.13,1,вечер 16–19,821.05,1012.87,16:30,16:30
politekhnicheskaya,2026-09-07 13:30:00+00:00,2,2026-09-07 14:00:00+00:00,1672.0,737.49,1260.27,1274.75,1,вечер 16–19,1142.9,1414.2,16:30,17:00
politekhnicheskaya,2026-09-07 13:30:00+00:00,3,2026-09-07 14:30:00+00:00,1804.0,754.16,1288.75,1309.94,1,вечер 16–19,1174.84,1460.95,16:30,17:30
politekhnicheskaya,2026-09-07 13:30:00+00:00,4,2026-09-07 15:00:00+00:00,1077.0,711.5,1200.48,1221.78,1,вечер 16–19,1096.22,1364.92,16:30,18:00
politekhnicheskaya,2026-09-07 14:00:00+00:00,1,2026-09-07 14:00:00+00:00,1672.0,737.49,1244.51,1266.31,1,вечер 16–19,1136.13,1401.56,17:00,17:00
politekhnicheskaya,2026-09-07 14:00:00+00:00,2,2026-09-07 14:30:00+00:00,1804.0,754.16,1272.64,1296.0,1,вечер 16–19,1161.95,1437.78,17:00,17:30
politekhnicheskaya,2026-09-07 14:00:00+00:00,3,2026-09-07 15:00:00+00:00,1077.0,711.5,1181.65,1211.61,1,вечер 16–19,1086.65,1351.29,17:00,18:00
politekhnicheskaya,2026-09-07 14:00:00+00:00,4,2026-09-07 15:30:00+00:00,804.0,476.64,791.6,811.67,1,вечер 16–19,728.26,906.76,17:00,18:30
politekhnicheskaya,2026-09-07 14:30:00+00:00,1,2026-09-07 14:30:00+00:00,1804.0,754.16,1272.64,1271.18,1,вечер 16–19,1140.49,1406.94,17:30,17:30
politekhnicheskaya,2026-09-07 14:30:00+00:00,2,2026-09-07 15:00:00+00:00,1077.0,711.5,1181.65,1214.9,1,вечер 16–19,1089.24,1347.8,17:30,18:00
politekhnicheskaya,2026-09-07 14:30:00+00:00,3,2026-09-07 15:30:00+00:00,804.0,476.64,791.6,816.62,1,вечер 16–19,732.4,910.76,17:30,18:30
politekhnicheskaya,2026-09-07 14:30:00+00:00,4,2026-09-07 16:00:00+00:00,622.0,359.98,604.89,623.28,1,вечер 16–19,559.23,696.3,17:30,19:00
politekhnicheskaya,2026-09-07 15:00:00+00:00,1,2026-09-07 15:00:00+00:00,1077.0,711.5,1190.92,1214.99,1,вечер 16–19,1090.08,1344.75,18:00,18:00
politekhnicheskaya,2026-09-07 15:00:00+00:00,2,2026-09-07 15:30:00+00:00,804.0,476.64,797.8,831.32,1,вечер 16–19,745.34,922.27,18:00,18:30
politekhnicheskaya,2026-09-07 15:00:00+00:00,3,2026-09-07 16:00:00+00:00,622.0,359.98,608.02,629.55,1,вечер 16–19,564.62,702.13,18:00,19:00
politekhnicheskaya,2026-09-07 15:00:00+00:00,4,2026-09-07 16:30:00+00:00,492.0,292.11,493.38,510.86,1,вечер 16–19,458.36,570.71,18:00,19:30
politekhnicheskaya,2026-09-07 15:30:00+00:00,1,2026-09-07 15:30:00+00:00,804.0,476.64,797.8,759.23,1,вечер 16–19,681.17,840.31,18:30,18:30
politekhnicheskaya,2026-09-07 15:30:00+00:00,2,2026-09-07 16:00:00+00:00,622.0,359.98,608.02,590.5,1,вечер 16–19,529.42,655.1,18:30,19:00
politekhnicheskaya,2026-09-07 15:30:00+00:00,3,2026-09-07 16:30:00+00:00,492.0,292.11,493.38,488.01,1,вечер 16–19,437.67,544.26,18:30,19:30
politekhnicheskaya,2026-09-07 15:30:00+00:00,4,2026-09-07 17:00:00+00:00,360.0,236.24,391.27,387.77,1,поздно 20–00,315.53,481.45,18:30,20:00
politekhnicheskaya,2026-09-07 16:00:00+00:00,1,2026-09-07 16:00:00+00:00,622.0,359.98,562.09,556.05,1,вечер 16–19,498.89,615.44,19:00,19:00
politekhnicheskaya,2026-09-07 16:00:00+00:00,2,2026-09-07 16:30:00+00:00,492.0,292.11,456.12,459.66,1,вечер 16–19,412.12,509.95,19:00,19:30
politekhnicheskaya,2026-09-07 16:00:00+00:00,3,2026-09-07 17:00:00+00:00,360.0,236.24,359.07,362.83,1,поздно 20–00,294.76,449.94,19:00,20:00
politekhnicheskaya,2026-09-07 16:00:00+00:00,4,2026-09-07 17:30:00+00:00,258.0,186.83,283.96,286.94,1,поздно 20–00,233.49,356.26,19:00,20:30
politekhnicheskaya,2026-09-07 16:30:00+00:00,1,2026-09-07 16:30:00+00:00,492.0,292.11,456.12,459.12,1,вечер 16–19,411.92,508.16,19:30,19:30
politekhnicheskaya,2026-09-07 16:30:00+00:00,2,2026-09-07 17:00:00+00:00,360.0,236.24,359.07,364.39,1,поздно 20–00,298.0,448.66,19:30,20:00
politekhnicheskaya,2026-09-07 16:30:00+00:00,3,2026-09-07 17:30:00+00:00,258.0,186.83,283.96,287.63,1,поздно 20–00,233.66,356.68,19:30,20:30
politekhnicheskaya,2026-09-07 16:30:00+00:00,4,2026-09-07 18:00:00+00:00,221.0,176.13,264.59,268.32,1,поздно 20–00,218.34,333.15,19:30,21:00
politekhnicheskaya,2026-09-07 17:00:00+00:00,1,2026-09-07 17:00:00+00:00,360.0,236.24,354.69,355.85,1,поздно 20–00,291.52,434.37,20:00,20:00
politekhnicheskaya,2026-09-07 17:00:00+00:00,2,2026-09-07 17:30:00+00:00,258.0,186.83,280.5,284.63,1,поздно 20–00,232.77,350.45,20:00,20:30
politekhnicheskaya,2026-09-07 17:00:00+00:00,3,2026-09-07 18:00:00+00:00,221.0,176.13,261.77,265.06,1,поздно 20–00,215.34,328.7,20:00,21:00
politekhnicheskaya,2026-09-07 17:00:00+00:00,4,2026-09-07 18:30:00+00:00,194.0,130.41,193.82,196.26,1,поздно 20–00,159.7,243.67,20:00,21:30
