period,model,label,horizon,slice,n,wape,coverage,pinball_norm,coverage_raw
сентябрь,b1,B1: часовая LightGBM,30,все слоты,23666,0.084018,0.652413,0.028486,
сентябрь,b1,B1: часовая LightGBM,30,"пики 07–09, 17–19",7728,0.078447,0.623835,0.026746,
сентябрь,b1,B1: часовая LightGBM,30,аномальные часы,4778,0.127211,0.49707,0.045004,
сентябрь,b1,B1: часовая LightGBM,60,все слоты,23023,0.089056,0.646571,0.030334,
сентябрь,b1,B1: часовая LightGBM,60,"пики 07–09, 17–19",7728,0.083562,0.612966,0.028923,
сентябрь,b1,B1: часовая LightGBM,60,аномальные часы,4723,0.137423,0.473851,0.04942,
сентябрь,b1,B1: часовая LightGBM,90,все слоты,22380,0.093387,0.641466,0.031877,
сентябрь,b1,B1: часовая LightGBM,90,"пики 07–09, 17–19",7728,0.086564,0.604296,0.030174,
сентябрь,b1,B1: часовая LightGBM,90,аномальные часы,4668,0.144754,0.453728,0.052424,
сентябрь,b1,B1: часовая LightGBM,120,все слоты,21736,0.097149,0.624954,0.033452,
сентябрь,b1,B1: часовая LightGBM,120,"пики 07–09, 17–19",7084,0.088876,0.602767,0.031223,
сентябрь,b1,B1: часовая LightGBM,120,аномальные часы,4382,0.152452,0.42492,0.056146,
сентябрь,b1,B1: часовая LightGBM,все,все слоты,90805,0.090784,0.641661,0.030992,
сентябрь,b1,B1: часовая LightGBM,все,"пики 07–09, 17–19",30268,0.084286,0.61114,0.029234,
сентябрь,b1,B1: часовая LightGBM,все,аномальные часы,18551,0.140236,0.46321,0.050648,
сентябрь,b2,B2: персистентность,30,все слоты,23666,0.094296,0.780318,0.032224,
сентябрь,b2,B2: персистентность,30,"пики 07–09, 17–19",7728,0.08559,0.789596,0.029352,
сентябрь,b2,B2: персистентность,30,аномальные часы,4778,0.114021,0.666597,0.04006,
сентябрь,b2,B2: персистентность,60,все слоты,23023,0.107081,0.746601,0.036517,
сентябрь,b2,B2: персистентность,60,"пики 07–09, 17–19",7728,0.099278,0.729943,0.033805,
сентябрь,b2,B2: персистентность,60,аномальные часы,4723,0.143459,0.56553,0.050342,
сентябрь,b2,B2: персистентность,90,все слоты,22380,0.116586,0.729312,0.039661,
сентябрь,b2,B2: персистентность,90,"пики 07–09, 17–19",7728,0.112975,0.693064,0.038648,
сентябрь,b2,B2: персистентность,90,аномальные часы,4668,0.157739,0.528706,0.05554,
сентябрь,b2,B2: персистентность,120,все слоты,21736,0.124368,0.713609,0.042549,
сентябрь,b2,B2: персистентность,120,"пики 07–09, 17–19",7084,0.12299,0.678148,0.042775,
сентябрь,b2,B2: персистентность,120,аномальные часы,4382,0.170662,0.486079,0.061157,
сентябрь,b2,B2: персистентность,все,все слоты,90805,0.110313,0.74323,0.037645,
сентябрь,b2,B2: персистентность,все,"пики 07–09, 17–19",30268,0.104909,0.723636,0.036033,
сентябрь,b2,B2: персистентность,все,аномальные часы,18551,0.146011,0.563528,0.051598,
сентябрь,b3,B3: GRU,30,все слоты,23666,0.09297,0.709414,0.030971,
сентябрь,b3,B3: GRU,30,"пики 07–09, 17–19",7728,0.086243,0.689182,0.029009,
сентябрь,b3,B3: GRU,30,аномальные часы,4778,0.159866,0.473629,0.055543,
сентябрь,b3,B3: GRU,60,все слоты,23023,0.105255,0.674586,0.036056,
сентябрь,b3,B3: GRU,60,"пики 07–09, 17–19",7728,0.101003,0.639105,0.035211,
сентябрь,b3,B3: GRU,60,аномальные часы,4723,0.191676,0.360576,0.069868,
сентябрь,b3,B3: GRU,90,все слоты,22380,0.115782,0.638874,0.040838,
сентябрь,b3,B3: GRU,90,"пики 07–09, 17–19",7728,0.116342,0.574146,0.042876,
сентябрь,b3,B3: GRU,90,аномальные часы,4668,0.215082,0.272708,0.082808,
сентябрь,b3,B3: GRU,120,все слоты,21736,0.122129,0.629969,0.043509,
сентябрь,b3,B3: GRU,120,"пики 07–09, 17–19",7084,0.122655,0.575522,0.045927,
сентябрь,b3,B3: GRU,120,аномальные часы,4382,0.231246,0.236194,0.090311,
сентябрь,b3,B3: GRU,все,все слоты,90805,0.108771,0.664181,0.037729,
сентябрь,b3,B3: GRU,все,"пики 07–09, 17–19",30268,0.10629,0.620424,0.038126,
сентябрь,b3,B3: GRU,все,аномальные часы,18551,0.198866,0.338203,0.074335,
сентябрь,mean,Среднее B1–B3,30,все слоты,23666,0.080689,0.777402,0.026482,
сентябрь,mean,Среднее B1–B3,30,"пики 07–09, 17–19",7728,0.073992,0.768892,0.024144,
сентябрь,mean,Среднее B1–B3,30,аномальные часы,4778,0.118263,0.612599,0.039603,
сентябрь,mean,Среднее B1–B3,60,все слоты,23023,0.087987,0.754376,0.029424,
сентябрь,mean,Среднее B1–B3,60,"пики 07–09, 17–19",7728,0.080764,0.733178,0.027283,
сентябрь,mean,Среднее B1–B3,60,аномальные часы,4723,0.136724,0.534618,0.04801,
сентябрь,mean,Среднее B1–B3,90,все слоты,22380,0.094848,0.734763,0.03187,
сентябрь,mean,Среднее B1–B3,90,"пики 07–09, 17–19",7728,0.087952,0.714156,0.030169,
сентябрь,mean,Среднее B1–B3,90,аномальные часы,4668,0.151345,0.484147,0.054077,
сентябрь,mean,Среднее B1–B3,120,все слоты,21736,0.099173,0.721384,0.033743,
сентябрь,mean,Среднее B1–B3,120,"пики 07–09, 17–19",7084,0.090668,0.70878,0.031878,
сентябрь,mean,Среднее B1–B3,120,аномальные часы,4382,0.162663,0.442492,0.059421,
сентябрь,mean,Среднее B1–B3,все,все слоты,90805,0.090506,0.747646,0.030314,
сентябрь,mean,Среднее B1–B3,все,"пики 07–09, 17–19",30268,0.083221,0.73173,0.028309,
сентябрь,mean,Среднее B1–B3,все,аномальные часы,18551,0.141864,0.520241,0.050106,
сентябрь,stack,Стекинг,30,все слоты,23666,0.0807,0.765148,0.026941,0.729147
сентябрь,stack,Стекинг,30,"пики 07–09, 17–19",7728,0.074711,0.7544,0.024896,0.708333
сентябрь,stack,Стекинг,30,аномальные часы,4778,0.121024,0.558811,0.042971,0.53537
сентябрь,stack,Стекинг,60,все слоты,23023,0.086983,0.734787,0.029436,0.704687
сентябрь,stack,Стекинг,60,"пики 07–09, 17–19",7728,0.081145,0.708333,0.027753,0.675725
сентябрь,stack,Стекинг,60,аномальные часы,4723,0.132963,0.481897,0.049301,0.472158
сентябрь,stack,Стекинг,90,все слоты,22380,0.092488,0.708266,0.03151,0.683646
сентябрь,stack,Стекинг,90,"пики 07–09, 17–19",7728,0.085865,0.677277,0.02982,0.645445
сентябрь,stack,Стекинг,90,аномальные часы,4668,0.141913,0.429949,0.053995,0.422665
сентябрь,stack,Стекинг,120,все слоты,21736,0.096519,0.691986,0.033524,0.657113
сентябрь,stack,Стекинг,120,"пики 07–09, 17–19",7084,0.088425,0.639893,0.032243,0.624506
сентябрь,stack,Стекинг,120,аномальные часы,4382,0.150131,0.397535,0.058866,0.393656
сентябрь,stack,Стекинг,все,все слоты,90805,0.089029,0.725918,0.030293,0.694488
сентябрь,stack,Стекинг,все,"пики 07–09, 17–19",30268,0.082437,0.696148,0.028618,0.664332
сентябрь,stack,Стекинг,все,аномальные часы,18551,0.136252,0.468708,0.051142,0.457442
