fit,variant,level,quantile,cell,w_b1,w_b2,w_b3
июль,V1,ячейка,q10,1,0.5,0.2,0.3
июль,V1,ячейка,q10,2,0.5,0.25,0.25
июль,V1,ячейка,q10,3,0.6,0.25,0.15
июль,V1,ячейка,q10,4,0.75,0.25,0.0
июль,V1,ячейка,q50,1,0.65,0.1,0.25
июль,V1,ячейка,q50,2,0.75,0.15,0.1
июль,V1,ячейка,q50,3,0.85,0.1,0.05
июль,V1,ячейка,q50,4,0.95,0.05,0.0
июль,V1,ячейка,q90,1,0.55,0.0,0.45
июль,V1,ячейка,q90,2,0.65,0.0,0.35
июль,V1,ячейка,q90,3,0.65,0.0,0.35
июль,V1,ячейка,q90,4,0.8,0.0,0.2
июль,V1,горизонт,q10,1,0.5,0.2,0.3
июль,V1,горизонт,q10,2,0.5,0.25,0.25
июль,V1,горизонт,q10,3,0.6,0.25,0.15
июль,V1,горизонт,q10,4,0.75,0.25,0.0
июль,V1,горизонт,q50,1,0.65,0.1,0.25
июль,V1,горизонт,q50,2,0.75,0.15,0.1
июль,V1,горизонт,q50,3,0.85,0.1,0.05
июль,V1,горизонт,q50,4,0.95,0.05,0.0
июль,V1,горизонт,q90,1,0.55,0.0,0.45
июль,V1,горизонт,q90,2,0.65,0.0,0.35
июль,V1,горизонт,q90,3,0.65,0.0,0.35
июль,V1,горизонт,q90,4,0.8,0.0,0.2
май,V1,ячейка,q10,1,0.65,0.2,0.15
май,V1,ячейка,q10,2,0.85,0.15,0.0
май,V1,ячейка,q10,3,0.9,0.1,0.0
май,V1,ячейка,q10,4,0.9,0.1,0.0
май,V1,ячейка,q50,1,0.8,0.2,0.0
май,V1,ячейка,q50,2,0.85,0.15,0.0
май,V1,ячейка,q50,3,0.9,0.1,0.0
май,V1,ячейка,q50,4,0.9,0.1,0.0
май,V1,ячейка,q90,1,0.6,0.15,0.25
май,V1,ячейка,q90,2,0.65,0.15,0.2
май,V1,ячейка,q90,3,0.65,0.1,0.25
май,V1,ячейка,q90,4,0.7,0.15,0.15
май,V1,горизонт,q10,1,0.65,0.2,0.15
май,V1,горизонт,q10,2,0.85,0.15,0.0
май,V1,горизонт,q10,3,0.9,0.1,0.0
май,V1,горизонт,q10,4,0.9,0.1,0.0
май,V1,горизонт,q50,1,0.8,0.2,0.0
май,V1,горизонт,q50,2,0.85,0.15,0.0
май,V1,горизонт,q50,3,0.9,0.1,0.0
май,V1,горизонт,q50,4,0.9,0.1,0.0
май,V1,горизонт,q90,1,0.6,0.15,0.25
май,V1,горизонт,q90,2,0.65,0.15,0.2
май,V1,горизонт,q90,3,0.65,0.1,0.25
май,V1,горизонт,q90,4,0.7,0.15,0.15
май + июль,V1,ячейка,q10,1,0.55,0.2,0.25
май + июль,V1,ячейка,q10,2,0.65,0.2,0.15
май + июль,V1,ячейка,q10,3,0.7,0.2,0.1
май + июль,V1,ячейка,q10,4,0.8,0.2,0.0
май + июль,V1,ячейка,q50,1,0.7,0.15,0.15
май + июль,V1,ячейка,q50,2,0.8,0.15,0.05
май + июль,V1,ячейка,q50,3,0.9,0.1,0.0
май + июль,V1,ячейка,q50,4,0.9,0.1,0.0
май + июль,V1,ячейка,q90,1,0.6,0.05,0.35
май + июль,V1,ячейка,q90,2,0.65,0.05,0.3
май + июль,V1,ячейка,q90,3,0.65,0.05,0.3
май + июль,V1,ячейка,q90,4,0.75,0.05,0.2
май + июль,V1,горизонт,q10,1,0.55,0.2,0.25
май + июль,V1,горизонт,q10,2,0.65,0.2,0.15
май + июль,V1,горизонт,q10,3,0.7,0.2,0.1
май + июль,V1,горизонт,q10,4,0.8,0.2,0.0
май + июль,V1,горизонт,q50,1,0.7,0.15,0.15
май + июль,V1,горизонт,q50,2,0.8,0.15,0.05
май + июль,V1,горизонт,q50,3,0.9,0.1,0.0
май + июль,V1,горизонт,q50,4,0.9,0.1,0.0
май + июль,V1,горизонт,q90,1,0.6,0.05,0.35
май + июль,V1,горизонт,q90,2,0.65,0.05,0.3
май + июль,V1,горизонт,q90,3,0.65,0.05,0.3
май + июль,V1,горизонт,q90,4,0.75,0.05,0.2
