station_id,name,line_order,n_vestibules,has_data
devyatkino,Девяткино,0,2,true
grazhdansky_prospekt,Гражданский проспект,1,1,true
akademicheskaya,Академическая,2,1,true
politekhnicheskaya,Политехническая,3,1,true
ploshchad_muzhestva,Площадь Мужества,4,1,true
lesnaya,Лесная,5,1,true
vyborgskaya,Выборгская,6,1,true
ploshchad_lenina,Площадь Ленина,7,2,true
chernyshevskaya,Чернышевская,8,1,true
vosstaniya,Площадь Восстания,9,2,true
vladimirskaya,Владимирская,10,1,true
pushkinskaya,Пушкинская,11,1,true
tekhnologichesky_institut,Технологический институт,12,0,false
baltiyskaya,Балтийская,13,1,true
narvskaya,Нарвская,14,1,true
kirovsky_zavod,Кировский завод,15,1,true
avtovo,Автово,16,1,true
leninsky_prospekt,Ленинский проспект,17,2,true
prospekt_veteranov,Проспект Ветеранов,18,2,true
